1125704,https://tools.alertcalifornia.org/sanitized-datasets/3d680fbe-207b-4228-9e92-bfe2f811e82b/aee49614-09a3-4d4f-b422-3d70009a5a72.jpg,camera_data/images/img_1125704.jpg,1,Abnormal
1125723,https://tools.alertcalifornia.org/sanitized-datasets/3d680fbe-207b-4228-9e92-bfe2f811e82b/4db7b942-d1f2-42ba-88e7-a9d13dbcbff5.jpg,camera_data/images/img_1125723.jpg,0,Normal
1125735,https://tools.alertcalifornia.org/sanitized-datasets/3d680fbe-207b-4228-9e92-bfe2f811e82b/a246a505-7198-45d4-96a2-2abe10aa3b3a.jpg,camera_data/images/img_1125735.jpg,1,Abnormal
1125800,https://tools.alertcalifornia.org/sanitized-datasets/3d680fbe-207b-4228-9e92-bfe2f811e82b/46598b09-9b9e-4bcd-9d91-a8f06ba0fd0b.jpg,camera_data/images/img_1125800.jpg,1,Abnormal
1125822,https://tools.alertcalifornia.org/sanitized-datasets/3d680fbe-207b-4228-9e92-bfe2f811e82b/c14624af-b02a-4268-858d-33f09389c85c.jpg,camera_data/images/img_1125822.jpg,0,Normal
1125855,https://tools.alertcalifornia.org/sanitized-datasets/3d680fbe-207b-4228-9e92-bfe2f811e82b/9b7104ea-ec1c-4e83-92a3-d128c1fe4184.jpg,camera_data/images/img_1125855.jpg,0,Normal
1125889,https://tools.alertcalifornia.org/sanitized-datasets/3d680fbe-207b-4228-9e92-bfe2f811e82b/588d36c3-0b43-4961-85f4-f032620a04b2.jpg,camera_data/images/img_1125889.jpg,0,Normal
1125922,https://tools.alertcalifornia.org/sanitized-datasets/3d680fbe-207b-4228-9e92-bfe2f811e82b/7dc7478c-ab06-4ff1-95f5-d920cacf7819.jpg,camera_data/images/img_1125922.jpg,1,Abnormal
1125950,https://tools.alertcalifornia.org/sanitized-datasets/3d680fbe-207b-4228-9e92-bfe2f811e82b/e50c68d3-7f7a-4aa8-abf0-c01485aa39fe.jpg,camera_data/images/img_1125950.jpg,0,Normal
1126060,https://tools.alertcalifornia.org/sanitized-datasets/3d680fbe-207b-4228-9e92-bfe2f811e82b/b62fdf34-f0fd-4a3e-89b4-734343a45a8b.jpg,camera_data/images/img_1126060.jpg,0,Normal
1126134,https://tools.alertcalifornia.org/sanitized-datasets/3d680fbe-207b-4228-9e92-bfe2f811e82b/5d257868-8506-4241-b105-83a543ee904b.jpg,camera_data/images/img_1126134.jpg,0,Normal
1126172,https://tools.alertcalifornia.org/sanitized-datasets/3d680fbe-207b-4228-9e92-bfe2f811e82b/cf454801-4e80-42be-9f6e-662e3d3b3aaa.jpg,camera_data/images/img_1126172.jpg,0,Normal
1126220,https://tools.alertcalifornia.org/sanitized-datasets/3d680fbe-207b-4228-9e92-bfe2f811e82b/85c45f1b-c015-4c52-a328-17d418ed3c6d.jpg,camera_data/images/img_1126220.jpg,0,Normal
1126228,https://tools.alertcalifornia.org/sanitized-datasets/3d680fbe-207b-4228-9e92-bfe2f811e82b/559ca6bc-7023-40e1-b394-1c810730b41a.jpg,camera_data/images/img_1126228.jpg,0,Normal
1126282,https://tools.alertcalifornia.org/sanitized-datasets/3d680fbe-207b-4228-9e92-bfe2f811e82b/ef6a3786-00f9-4d33-8423-9c58b3428e2b.jpg,camera_data/images/img_1126282.jpg,1,Abnormal
1126285,https://tools.alertcalifornia.org/sanitized-datasets/3d680fbe-207b-4228-9e92-bfe2f811e82b/54fdecce-13d0-4839-be1d-68d796e9d4a0.jpg,camera_data/images/img_1126285.jpg,1,Abnormal
1126296,https://tools.alertcalifornia.org/sanitized-datasets/3d680fbe-207b-4228-9e92-bfe2f811e82b/c00c718f-5c28-4820-84cf-ad16514f911d.jpg,camera_data/images/img_1126296.jpg,0,Normal
1126338,https://tools.alertcalifornia.org/sanitized-datasets/3d680fbe-207b-4228-9e92-bfe2f811e82b/0b2ace5c-0655-48dd-a2a9-b8f5a24e78e3.jpg,camera_data/images/img_1126338.jpg,1,Abnormal
1126428,https://tools.alertcalifornia.org/sanitized-datasets/3d680fbe-207b-4228-9e92-bfe2f811e82b/10c2cb92-01fd-4a52-a530-7b4291eb015c.jpg,camera_data/images/img_1126428.jpg,1,Abnormal
1126446,https://tools.alertcalifornia.org/sanitized-datasets/3d680fbe-207b-4228-9e92-bfe2f811e82b/fbb4a7e4-f873-40e3-adfb-1d73e453d57c.jpg,camera_data/images/img_1126446.jpg,1,Abnormal
1126457,https://tools.alertcalifornia.org/sanitized-datasets/3d680fbe-207b-4228-9e92-bfe2f811e82b/0723c358-f76b-4741-85c0-efb619df3945.jpg,camera_data/images/img_1126457.jpg,1,Abnormal
1126472,https://tools.alertcalifornia.org/sanitized-datasets/3d680fbe-207b-4228-9e92-bfe2f811e82b/60bb4afe-d65b-48a3-b617-b3d76d804cb0.jpg,camera_data/images/img_1126472.jpg,1,Abnormal
1126495,https://tools.alertcalifornia.org/sanitized-datasets/3d680fbe-207b-4228-9e92-bfe2f811e82b/4955ab8b-9708-49d9-9a4f-0cd229e7356a.jpg,camera_data/images/img_1126495.jpg,1,Abnormal
1126536,https://tools.alertcalifornia.org/sanitized-datasets/3d680fbe-207b-4228-9e92-bfe2f811e82b/3fced414-5a7c-4405-a42f-01176de44238.jpg,camera_data/images/img_1126536.jpg,0,Normal
1126584,https://tools.alertcalifornia.org/sanitized-datasets/3d680fbe-207b-4228-9e92-bfe2f811e82b/57e241f0-4b99-421e-a074-4a04949f0676.jpg,camera_data/images/img_1126584.jpg,0,Normal
1126696,https://tools.alertcalifornia.org/sanitized-datasets/3d680fbe-207b-4228-9e92-bfe2f811e82b/36dd87f1-3a39-4dab-8582-5bf6e41b83d7.jpg,camera_data/images/img_1126696.jpg,1,Abnormal
1126697,https://tools.alertcalifornia.org/sanitized-datasets/3d680fbe-207b-4228-9e92-bfe2f811e82b/c7b3b0e3-9264-4d4c-81a6-24296ca90c69.jpg,camera_data/images/img_1126697.jpg,1,Abnormal
1126728,https://tools.alertcalifornia.org/sanitized-datasets/3d680fbe-207b-4228-9e92-bfe2f811e82b/575aa680-8e56-4e27-9c4b-d9a8bdf67874.jpg,camera_data/images/img_1126728.jpg,0,Normal
1126731,https://tools.alertcalifornia.org/sanitized-datasets/3d680fbe-207b-4228-9e92-bfe2f811e82b/763d1db5-4419-46fc-9132-d4743e776d9f.jpg,camera_data/images/img_1126731.jpg,0,Normal
1126764,https://tools.alertcalifornia.org/sanitized-datasets/3d680fbe-207b-4228-9e92-bfe2f811e82b/490150da-64bb-4e8e-b6d4-28a531a1e8a4.jpg,camera_data/images/img_1126764.jpg,0,Normal
1126793,https://tools.alertcalifornia.org/sanitized-datasets/3d680fbe-207b-4228-9e92-bfe2f811e82b/7b3bd92c-aff4-466f-bc15-d4592bfd7688.jpg,camera_data/images/img_1126793.jpg,0,Normal
1126801,https://tools.alertcalifornia.org/sanitized-datasets/3d680fbe-207b-4228-9e92-bfe2f811e82b/061222eb-a8d4-4770-9843-fe619409a27b.jpg,camera_data/images/img_1126801.jpg,1,Abnormal

1126895,https://tools.alertcalifornia.org/sanitized-datasets/3d680fbe-207b-4228-9e92-bfe2f811e82b/7129c489-ef36-467d-902b-b1a92d183b11.jpg,camera_data/images/img_1126895.jpg,0,Normal
1126955,https://tools.alertcalifornia.org/sanitized-datasets/3d680fbe-207b-4228-9e92-bfe2f811e82b/87798255-291c-4484-933b-3b5e0a76e9c4.jpg,camera_data/images/img_1126955.jpg,0,Normal
1126964,https://tools.alertcalifornia.org/sanitized-datasets/3d680fbe-207b-4228-9e92-bfe2f811e82b/e78cd715-c287-490a-89a7-5cce024d4621.jpg,camera_data/images/img_1126964.jpg,0,Normal
1127012,https://tools.alertcalifornia.org/sanitized-datasets/3d680fbe-207b-4228-9e92-bfe2f811e82b/4c8cf2fd-bb3f-4788-b42f-b98245fb5be1.jpg,camera_data/images/img_1127012.jpg,0,Normal
1127054,https://tools.alertcalifornia.org/sanitized-datasets/3d680fbe-207b-4228-9e92-bfe2f811e82b/1b30f2f2-ca68-4981-b231-5e4dc9ac35a9.jpg,camera_data/images/img_1127054.jpg,0,Normal
1127067,https://tools.alertcalifornia.org/sanitized-datasets/3d680fbe-207b-4228-9e92-bfe2f811e82b/eae1034a-ecb5-489d-971d-de7e199e2701.jpg,camera_data/images/img_1127067.jpg,1,Abnormal
1127119,https://tools.alertcalifornia.org/sanitized-datasets/3d680fbe-207b-4228-9e92-bfe2f811e82b/d20f2db9-3ff5-474d-8eeb-7af6aab81408.jpg,camera_data/images/img_1127119.jpg,0,Normal
1127179,https://tools.alertcalifornia.org/sanitized-datasets/3d680fbe-207b-4228-9e92-bfe2f811e82b/2dc80b9b-03b5-4464-8958-755d27deedf0.jpg,camera_data/images/img_1127179.jpg,1,Abnormal
1127208,https://tools.alertcalifornia.org/sanitized-datasets/3d680fbe-207b-4228-9e92-bfe2f811e82b/64f3596f-6759-4e56-8073-573c9d3f6200.jpg,camera_data/images/img_1127208.jpg,0,Normal
1127239,https://tools.alertcalifornia.org/sanitized-datasets/3d680fbe-207b-4228-9e92-bfe2f811e82b/eb760033-f547-4fcc-b6d3-17d548650af6.jpg,camera_data/images/img_1127239.jpg,0,Normal
1127261,https://tools.alertcalifornia.org/sanitized-datasets/3d680fbe-207b-4228-9e92-bfe2f811e82b/22b1b10a-5deb-480a-b745-0164224195dc.jpg,camera_data/images/img_1127261.jpg,0,Normal
1127277,https://tools.alertcalifornia.org/sanitized-datasets/3d680fbe-207b-4228-9e92-bfe2f811e82b/18cc3518-83db-43c7-a829-ecc061e26a75.jpg,camera_data/images/img_1127277.jpg,0,Normal
1127299,https://tools.alertcalifornia.org/sanitized-datasets/3d680fbe-207b-4228-9e92-bfe2f811e82b/f0808379-ca94-4051-9a17-41b1a9501892.jpg,camera_data/images/img_1127299.jpg,0,Normal
1127304,https://tools.alertcalifornia.org/sanitized-datasets/3d680fbe-207b-4228-9e92-bfe2f811e82b/506e26f0-81bf-4a54-ae30-0673b79f65be.jpg,camera_data/images/img_1127304.jpg,0,Normal
1127324,https://tools.alertcalifornia.org/sanitized-datasets/3d680fbe-207b-4228-9e92-bfe2f811e82b/c8653fdc-efac-4caf-bd39-be7a017d2ce7.jpg,camera_data/images/img_1127324.jpg,0,Normal
1127346,https://tools.alertcalifornia.org/sanitized-datasets/3d680fbe-207b-4228-9e92-bfe2f811e82b/cd361c72-6bb1-4ac0-8553-9ab6f497b79c.jpg,camera_data/images/img_1127346.jpg,0,Normal
1127387,https://tools.alertcalifornia.org/sanitized-datasets/3d680fbe-207b-4228-9e92-bfe2f811e82b/eb01a081-b645-4f15-aba7-c97330757b7a.jpg,camera_data/images/img_1127387.jpg,1,Abnormal
1127407,https://tools.alertcalifornia.org/sanitized-datasets/3d680fbe-207b-4228-9e92-bfe2f811e82b/bc3bcaf0-be52-40d7-818e-4c250537ba0f.jpg,camera_data/images/img_1127407.jpg,1,Abnormal
1127670,https://tools.alertcalifornia.org/sanitized-datasets/3d680fbe-207b-4228-9e92-bfe2f811e82b/d4558d0a-3090-4841-960e-dcefb35d10ea.jpg,camera_data/images/img_1127670.jpg,1,Abnormal
1127704,https://tools.alertcalifornia.org/sanitized-datasets/3d680fbe-207b-4228-9e92-bfe2f811e82b/1c0185f4-1783-4976-9976-6026d7d0413b.jpg,camera_data/images/img_1127704.jpg,0,Normal
1127735,https://tools.alertcalifornia.org/sanitized-datasets/3d680fbe-207b-4228-9e92-bfe2f811e82b/d459944c-ee03-4dc0-9423-723e93248fbc.jpg,camera_data/images/img_1127735.jpg,1,Abnormal
1127810,https://tools.alertcalifornia.org/sanitized-datasets/3d680fbe-207b-4228-9e92-bfe2f811e82b/24e0acb1-5240-4e35-acf8-4ff295f028d0.jpg,camera_data/images/img_1127810.jpg,0,Normal
1127818,https://tools.alertcalifornia.org/sanitized-datasets/3d680fbe-207b-4228-9e92-bfe2f811e82b/26c534f5-6c83-4301-b7e8-a3982a9119e1.jpg,camera_data/images/img_1127818.jpg,1,Abnormal
1127833,https://tools.alertcalifornia.org/sanitized-datasets/3d680fbe-207b-4228-9e92-bfe2f811e82b/4b9f186b-c833-4876-81c9-4ac46bf2137b.jpg,camera_data/images/img_1127833.jpg,0,Normal
1127856,https://tools.alertcalifornia.org/sanitized-datasets/3d680fbe-207b-4228-9e92-bfe2f811e82b/954360e7-9bef-4a89-8dcc-fe5a15ee3960.jpg,camera_data/images/img_1127856.jpg,0,Normal
1127974,https://tools.alertcalifornia.org/sanitized-datasets/3d680fbe-207b-4228-9e92-bfe2f811e82b/f8a9615c-1eee-4daf-ae1b-01e4c9ee3d1b.jpg,camera_data/images/img_1127974.jpg,0,Normal
1128004,https://tools.alertcalifornia.org/sanitized-datasets/3d680fbe-207b-4228-9e92-bfe2f811e82b/90ad8dbb-1553-475c-8d63-24946097be47.jpg,camera_data/images/img_1128004.jpg,0,Normal
1128099,https://tools.alertcalifornia.org/sanitized-datasets/3d680fbe-207b-4228-9e92-bfe2f811e82b/e7264e38-147a-4f28-83e7-229361ea763e.jpg,camera_data/images/img_1128099.jpg,0,Normal
1128158,https://tools.alertcalifornia.org/sanitized-datasets/3d680fbe-207b-4228-9e92-bfe2f811e82b/7baeb158-7fbe-4a07-b563-7cab8e8e4f7c.jpg,camera_data/images/img_1128158.jpg,0,Normal
1128185,https://tools.alertcalifornia.org/sanitized-datasets/3d680fbe-207b-4228-9e92-bfe2f811e82b/e8ac0082-d445-4907-9cac-745b5653b7c3.jpg,camera_data/images/img_1128185.jpg,1,Abnormal
1128223,https://tools.alertcalifornia.org/sanitized-datasets/3d680fbe-207b-4228-9e92-bfe2f811e82b/90b7eb0b-5303-46e1-9980-4153b21d990b.jpg,camera_data/images/img_1128223.jpg,0,Normal
1128262,https://tools.alertcalifornia.org/sanitized-datasets/3d680fbe-207b-4228-9e92-bfe2f811e82b/47de2135-deb5-420c-8159-fc024023fd18.jpg,camera_data/images/img_1128262.jpg,0,Normal

1128344,https://tools.alertcalifornia.org/sanitized-datasets/3d680fbe-207b-4228-9e92-bfe2f811e82b/94a43d1e-5e87-46c6-8540-3dacefaaa168.jpg,camera_data/images/img_1128344.jpg,0,Normal
1128351,https://tools.alertcalifornia.org/sanitized-datasets/3d680fbe-207b-4228-9e92-bfe2f811e82b/cad70e7e-d450-4037-9b52-37ff6941ce2a.jpg,camera_data/images/img_1128351.jpg,0,Normal
1128482,https://tools.alertcalifornia.org/sanitized-datasets/3d680fbe-207b-4228-9e92-bfe2f811e82b/9c030989-f6d1-452d-a5cf-43304c656a72.jpg,camera_data/images/img_1128482.jpg,0,Normal
1128516,https://tools.alertcalifornia.org/sanitized-datasets/3d680fbe-207b-4228-9e92-bfe2f811e82b/b70b00f7-b559-4db5-8bb5-785598511343.jpg,camera_data/images/img_1128516.jpg,0,Normal
1128524,https://tools.alertcalifornia.org/sanitized-datasets/3d680fbe-207b-4228-9e92-bfe2f811e82b/edabfd25-1b44-403f-a3fe-d7cf6e60e01f.jpg,camera_data/images/img_1128524.jpg,0,Normal
1128568,https://tools.alertcalifornia.org/sanitized-datasets/3d680fbe-207b-4228-9e92-bfe2f811e82b/ecdcaea8-98f8-460e-bb54-33e2fa2617af.jpg,camera_data/images/img_1128568.jpg,1,Abnormal
1128599,https://tools.alertcalifornia.org/sanitized-datasets/3d680fbe-207b-4228-9e92-bfe2f811e82b/d0464486-44e5-4ab6-a85e-e99f40e6e7b7.jpg,camera_data/images/img_1128599.jpg,0,Normal
1128605,https://tools.alertcalifornia.org/sanitized-datasets/3d680fbe-207b-4228-9e92-bfe2f811e82b/c1fdee91-71f1-4f47-9274-105711b5410e.jpg,camera_data/images/img_1128605.jpg,0,Normal
1128621,https://tools.alertcalifornia.org/sanitized-datasets/3d680fbe-207b-4228-9e92-bfe2f811e82b/c54fa7a9-9a64-4a6d-8142-65592acc9b66.jpg,camera_data/images/img_1128621.jpg,0,Normal
1128643,https://tools.alertcalifornia.org/sanitized-datasets/3d680fbe-207b-4228-9e92-bfe2f811e82b/aece0834-4633-4f2f-a9df-59831aba3cbd.jpg,camera_data/images/img_1128643.jpg,0,Normal
1128668,https://tools.alertcalifornia.org/sanitized-datasets/3d680fbe-207b-4228-9e92-bfe2f811e82b/89f1a383-1596-47f0-8f83-e7bc930dfc13.jpg,camera_data/images/img_1128668.jpg,0,Normal
1128703,https://tools.alertcalifornia.org/sanitized-datasets/3d680fbe-207b-4228-9e92-bfe2f811e82b/cb23fd73-392a-48e0-833a-1110f9ac6c63.jpg,camera_data/images/img_1128703.jpg,0,Normal
1128766,https://tools.alertcalifornia.org/sanitized-datasets/3d680fbe-207b-4228-9e92-bfe2f811e82b/3e068435-ba25-47fd-b652-831e9530f101.jpg,camera_data/images/img_1128766.jpg,0,Normal
1128839,https://tools.alertcalifornia.org/sanitized-datasets/3d680fbe-207b-4228-9e92-bfe2f811e82b/028da49b-6469-4e82-9a50-48ef4770a427.jpg,camera_data/images/img_1128839.jpg,0,Normal
1128849,https://tools.alertcalifornia.org/sanitized-datasets/3d680fbe-207b-4228-9e92-bfe2f811e82b/826a763b-e67d-4099-a5a8-910b0c5e3d61.jpg,camera_data/images/img_1128849.jpg,0,Normal
1128869,https://tools.alertcalifornia.org/sanitized-datasets/3d680fbe-207b-4228-9e92-bfe2f811e82b/fbd7861c-c3d2-41c9-99bb-110c33dd7e46.jpg,camera_data/images/img_1128869.jpg,0,Normal
1128871,https://tools.alertcalifornia.org/sanitized-datasets/3d680fbe-207b-4228-9e92-bfe2f811e82b/31b6284b-99b6-4793-ad45-e28fb0c4a576.jpg,camera_data/images/img_1128871.jpg,1,Abnormal
1128961,https://tools.alertcalifornia.org/sanitized-datasets/3d680fbe-207b-4228-9e92-bfe2f811e82b/b00f3607-5718-4728-8066-6fd9fba88b90.jpg,camera_data/images/img_1128961.jpg,1,Abnormal
1128984,https://tools.alertcalifornia.org/sanitized-datasets/3d680fbe-207b-4228-9e92-bfe2f811e82b/b2b3f366-37b3-461b-915c-6174ad17de46.jpg,camera_data/images/img_1128984.jpg,0,Normal
1129007,https://tools.alertcalifornia.org/sanitized-datasets/3d680fbe-207b-4228-9e92-bfe2f811e82b/8ce91879-f750-42b8-acef-35e8c2c63d0e.jpg,camera_data/images/img_1129007.jpg,0,Normal
1129014,https://tools.alertcalifornia.org/sanitized-datasets/3d680fbe-207b-4228-9e92-bfe2f811e82b/22a0d022-30b6-4c0f-bf99-db2fe2a44313.jpg,camera_data/images/img_1129014.jpg,0,Normal
1129063,https://tools.alertcalifornia.org/sanitized-datasets/3d680fbe-207b-4228-9e92-bfe2f811e82b/e6f7c8f8-645e-4a1e-b662-ee45d04d46cf.jpg,camera_data/images/img_1129063.jpg,1,Abnormal
1129095,https://tools.alertcalifornia.org/sanitized-datasets/3d680fbe-207b-4228-9e92-bfe2f811e82b/cb412923-c782-43dd-a984-5b063a155eec.jpg,camera_data/images/img_1129095.jpg,0,Normal
1129163,https://tools.alertcalifornia.org/sanitized-datasets/3d680fbe-207b-4228-9e92-bfe2f811e82b/aaf8b41c-e25e-4f5c-bb98-a7472717403e.jpg,camera_data/images/img_1129163.jpg,1,Abnormal
1129171,https://tools.alertcalifornia.org/sanitized-datasets/3d680fbe-207b-4228-9e92-bfe2f811e82b/4deb2cb9-2b2c-45fb-bb38-0566b72fd8d3.jpg,camera_data/images/img_1129171.jpg,1,Abnormal
1129209,https://tools.alertcalifornia.org/sanitized-datasets/3d680fbe-207b-4228-9e92-bfe2f811e82b/cfa8e319-18f9-4605-8bac-48fbd6b27fc1.jpg,camera_data/images/img_1129209.jpg,1,Abnormal
1129252,https://tools.alertcalifornia.org/sanitized-datasets/3d680fbe-207b-4228-9e92-bfe2f811e82b/58a709e4-485f-4b39-9373-6b72cfd46657.jpg,camera_data/images/img_1129252.jpg,1,Abnormal
1129272,https://tools.alertcalifornia.org/sanitized-datasets/3d680fbe-207b-4228-9e92-bfe2f811e82b/8b85a5a2-4949-4e42-9cb7-edede26ca95d.jpg,camera_data/images/img_1129272.jpg,0,Normal
1129275,https://tools.alertcalifornia.org/sanitized-datasets/3d680fbe-207b-4228-9e92-bfe2f811e82b/598bd050-7117-4a4b-b989-c17270e91fbd.jpg,camera_data/images/img_1129275.jpg,0,Normal
1129337,https://tools.alertcalifornia.org/sanitized-datasets/3d680fbe-207b-4228-9e92-bfe2f811e82b/0d635c5e-2178-476e-a67d-ff8bab0f52f7.jpg,camera_data/images/img_1129337.jpg,1,Abnormal
1129359,https://tools.alertcalifornia.org/sanitized-datasets/3d680fbe-207b-4228-9e92-bfe2f811e82b/34fa5bd0-8879-4703-84a1-3470e144dbdc.jpg,camera_data/images/img_1129359.jpg,0,Normal
1129373,https://tools.alertcalifornia.org/sanitized-datasets/3d680fbe-207b-4228-9e92-bfe2f811e82b/02194f04-af92-4a2f-a26b-b600781b49c1.jpg,camera_data/images/img_1129373.jpg,0,Normal

1129380,https://tools.alertcalifornia.org/sanitized-datasets/3d680fbe-207b-4228-9e92-bfe2f811e82b/5df3d640-ad58-48f5-9516-b98527f6c184.jpg,camera_data/images/img_1129380.jpg,1,Abnormal
1129381,https://tools.alertcalifornia.org/sanitized-datasets/3d680fbe-207b-4228-9e92-bfe2f811e82b/06b654f4-b3b9-4808-80bc-f080c8d8f1d8.jpg,camera_data/images/img_1129381.jpg,0,Normal
1129412,https://tools.alertcalifornia.org/sanitized-datasets/3d680fbe-207b-4228-9e92-bfe2f811e82b/73116d7f-6407-41fd-9237-3dc18f36267e.jpg,camera_data/images/img_1129412.jpg,0,Normal
1129453,https://tools.alertcalifornia.org/sanitized-datasets/3d680fbe-207b-4228-9e92-bfe2f811e82b/51f0bf04-2f5d-49a1-b64d-bf2dcc731532.jpg,camera_data/images/img_1129453.jpg,0,Normal
1129456,https://tools.alertcalifornia.org/sanitized-datasets/3d680fbe-207b-4228-9e92-bfe2f811e82b/49262ce7-eb0b-4e42-83d5-8ea21acb1ec4.jpg,camera_data/images/img_1129456.jpg,0,Normal
1129496,https://tools.alertcalifornia.org/sanitized-datasets/3d680fbe-207b-4228-9e92-bfe2f811e82b/51a9b2b6-49d4-48f3-bf31-8e10831c0039.jpg,camera_data/images/img_1129496.jpg,0,Normal
1129598,https://tools.alertcalifornia.org/sanitized-datasets/3d680fbe-207b-4228-9e92-bfe2f811e82b/9f4a776e-6e3e-4b12-9d4d-2559c9fdcdd7.jpg,camera_data/images/img_1129598.jpg,0,Normal
1129605,https://tools.alertcalifornia.org/sanitized-datasets/3d680fbe-207b-4228-9e92-bfe2f811e82b/3d20bc34-a15b-4fa4-997f-da6558a3597d.jpg,camera_data/images/img_1129605.jpg,1,Abnormal
1129626,https://tools.alertcalifornia.org/sanitized-datasets/3d680fbe-207b-4228-9e92-bfe2f811e82b/ff80af43-886b-4542-ad43-6ea198c4f7f8.jpg,camera_data/images/img_1129626.jpg,0,Normal
1129683,https://tools.alertcalifornia.org/sanitized-datasets/3d680fbe-207b-4228-9e92-bfe2f811e82b/77086169-9fef-424c-b0e2-8771a705f2c3.jpg,camera_data/images/img_1129683.jpg,0,Normal
1129689,https://tools.alertcalifornia.org/sanitized-datasets/3d680fbe-207b-4228-9e92-bfe2f811e82b/668ecc7e-d10f-452e-8e44-02ea6725808d.jpg,camera_data/images/img_1129689.jpg,0,Normal
1129717,https://tools.alertcalifornia.org/sanitized-datasets/3d680fbe-207b-4228-9e92-bfe2f811e82b/85dcb8ed-7738-4c02-ac1d-5c975ba2f5bc.jpg,camera_data/images/img_1129717.jpg,0,Normal
1129735,https://tools.alertcalifornia.org/sanitized-datasets/3d680fbe-207b-4228-9e92-bfe2f811e82b/72820984-ddbd-4835-8778-a9a3a94a6d1b.jpg,camera_data/images/img_1129735.jpg,0,Normal
1129743,https://tools.alertcalifornia.org/sanitized-datasets/3d680fbe-207b-4228-9e92-bfe2f811e82b/637c0727-a44f-4bdd-8d5f-d0876550314d.jpg,camera_data/images/img_1129743.jpg,1,Abnormal
1129768,https://tools.alertcalifornia.org/sanitized-datasets/3d680fbe-207b-4228-9e92-bfe2f811e82b/7b23fda4-5b6f-4885-95a2-f6bc2c6dfc0f.jpg,camera_data/images/img_1129768.jpg,1,Abnormal
1129844,https://tools.alertcalifornia.org/sanitized-datasets/3d680fbe-207b-4228-9e92-bfe2f811e82b/36afed46-efd0-4d35-a289-eef87e16764d.jpg,camera_data/images/img_1129844.jpg,1,Abnormal
1129914,https://tools.alertcalifornia.org/sanitized-datasets/3d680fbe-207b-4228-9e92-bfe2f811e82b/eac8aae7-a16b-4b68-911e-14c476adf567.jpg,camera_data/images/img_1129914.jpg,1,Abnormal
1129953,https://tools.alertcalifornia.org/sanitized-datasets/3d680fbe-207b-4228-9e92-bfe2f811e82b/0eb8e8a3-f3d8-450f-a574-a41dbf367cc2.jpg,camera_data/images/img_1129953.jpg,0,Normal
1129994,https://tools.alertcalifornia.org/sanitized-datasets/3d680fbe-207b-4228-9e92-bfe2f811e82b/575487dc-1ca6-4229-a78d-6780636b9fde.jpg,camera_data/images/img_1129994.jpg,0,Normal
1129999,https://tools.alertcalifornia.org/sanitized-datasets/3d680fbe-207b-4228-9e92-bfe2f811e82b/35a3f1f1-2f47-4182-af6e-fa3109bec904.jpg,camera_data/images/img_1129999.jpg,0,Normal
1130007,https://tools.alertcalifornia.org/sanitized-datasets/3d680fbe-207b-4228-9e92-bfe2f811e82b/a0b0da63-ed9f-4c5f-802f-df17193a5f9e.jpg,camera_data/images/img_1130007.jpg,1,Abnormal
1130043,https://tools.alertcalifornia.org/sanitized-datasets/3d680fbe-207b-4228-9e92-bfe2f811e82b/3f793141-271c-4c51-9568-3b5dc381d7c0.jpg,camera_data/images/img_1130043.jpg,1,Abnormal
1130068,https://tools.alertcalifornia.org/sanitized-datasets/3d680fbe-207b-4228-9e92-bfe2f811e82b/b3981a67-637e-48c3-917d-ddf08b1ea4c9.jpg,camera_data/images/img_1130068.jpg,0,Normal
1130102,https://tools.alertcalifornia.org/sanitized-datasets/3d680fbe-207b-4228-9e92-bfe2f811e82b/a6ccea6e-2bcc-47ad-9673-22342e872440.jpg,camera_data/images/img_1130102.jpg,1,Abnormal
1130145,https://tools.alertcalifornia.org/sanitized-datasets/3d680fbe-207b-4228-9e92-bfe2f811e82b/95f50c4f-071e-4b36-b2e8-8fcef11f1ce2.jpg,camera_data/images/img_1130145.jpg,1,Abnormal
1130214,https://tools.alertcalifornia.org/sanitized-datasets/3d680fbe-207b-4228-9e92-bfe2f811e82b/a4b76dbb-348e-4255-9e8e-efb38cb7d034.jpg,camera_data/images/img_1130214.jpg,0,Normal
1130252,https://tools.alertcalifornia.org/sanitized-datasets/3d680fbe-207b-4228-9e92-bfe2f811e82b/690fd2af-f6e5-4382-ba01-8792685e306d.jpg,camera_data/images/img_1130252.jpg,1,Abnormal
1130257,https://tools.alertcalifornia.org/sanitized-datasets/3d680fbe-207b-4228-9e92-bfe2f811e82b/8be0ccdc-b4ea-4f5f-9351-9cb91dd233ac.jpg,camera_data/images/img_1130257.jpg,0,Normal
1130297,https://tools.alertcalifornia.org/sanitized-datasets/3d680fbe-207b-4228-9e92-bfe2f811e82b/b94b7656-be69-45a2-8655-a26d87d6c1f3.jpg,camera_data/images/img_1130297.jpg,0,Normal
1130442,https://tools.alertcalifornia.org/sanitized-datasets/3d680fbe-207b-4228-9e92-bfe2f811e82b/d70ca0da-827f-42f1-8e35-0d2461c912e5.jpg,camera_data/images/img_1130442.jpg,1,Abnormal
1130449,https://tools.alertcalifornia.org/sanitized-datasets/3d680fbe-207b-4228-9e92-bfe2f811e82b/04ffd2cf-553a-4eb0-8d35-2edf517a68cb.jpg,camera_data/images/img_1130449.jpg,0,Normal
1130513,https://tools.alertcalifornia.org/sanitized-datasets/3d680fbe-207b-4228-9e92-bfe2f811e82b/5072dd57-b138-46d7-ae48-b588456d3e3d.jpg,camera_data/images/img_1130513.jpg,1,Abnormal

1130565,https://tools.alertcalifornia.org/sanitized-datasets/3d680fbe-207b-4228-9e92-bfe2f811e82b/ded0c121-27d2-4c35-a3da-e3ee2518213e.jpg,camera_data/images/img_1130565.jpg,1,Abnormal
1130581,https://tools.alertcalifornia.org/sanitized-datasets/3d680fbe-207b-4228-9e92-bfe2f811e82b/d38cfa5c-e380-4aae-9b1e-88a867a57d8f.jpg,camera_data/images/img_1130581.jpg,0,Normal
1130604,https://tools.alertcalifornia.org/sanitized-datasets/3d680fbe-207b-4228-9e92-bfe2f811e82b/e75723b1-8ae7-4396-a758-033d767b3ad3.jpg,camera_data/images/img_1130604.jpg,0,Normal
1130700,https://tools.alertcalifornia.org/sanitized-datasets/3d680fbe-207b-4228-9e92-bfe2f811e82b/913f946e-deef-4e6e-b164-592197058bcc.jpg,camera_data/images/img_1130700.jpg,0,Normal
1130736,https://tools.alertcalifornia.org/sanitized-datasets/3d680fbe-207b-4228-9e92-bfe2f811e82b/6a71b384-5b9b-4e87-be76-1e99e220533c.jpg,camera_data/images/img_1130736.jpg,0,Normal
1130765,https://tools.alertcalifornia.org/sanitized-datasets/3d680fbe-207b-4228-9e92-bfe2f811e82b/34c128cc-2e47-4f84-ad47-1dd671a660da.jpg,camera_data/images/img_1130765.jpg,0,Normal
1130874,https://tools.alertcalifornia.org/sanitized-datasets/3d680fbe-207b-4228-9e92-bfe2f811e82b/ed360e1f-d5a4-40c0-8f65-d02a3366c2df.jpg,camera_data/images/img_1130874.jpg,0,Normal
1130880,https://tools.alertcalifornia.org/sanitized-datasets/3d680fbe-207b-4228-9e92-bfe2f811e82b/270240e2-d081-48b2-8e08-3ff7149c19d3.jpg,camera_data/images/img_1130880.jpg,0,Normal
1130908,https://tools.alertcalifornia.org/sanitized-datasets/3d680fbe-207b-4228-9e92-bfe2f811e82b/1d8b697c-c32c-4799-9534-2f4f8363b55d.jpg,camera_data/images/img_1130908.jpg,0,Normal
1130933,https://tools.alertcalifornia.org/sanitized-datasets/3d680fbe-207b-4228-9e92-bfe2f811e82b/2ed4057d-09e0-4255-a9bc-fb3745f97125.jpg,camera_data/images/img_1130933.jpg,0,Normal
1130950,https://tools.alertcalifornia.org/sanitized-datasets/3d680fbe-207b-4228-9e92-bfe2f811e82b/da3ab7ea-2e40-4b55-af33-893bdd0bfb7f.jpg,camera_data/images/img_1130950.jpg,0,Normal
1130993,https://tools.alertcalifornia.org/sanitized-datasets/3d680fbe-207b-4228-9e92-bfe2f811e82b/18a40249-6dc8-40c6-aec7-553f85b0d005.jpg,camera_data/images/img_1130993.jpg,1,Abnormal
1131053,https://tools.alertcalifornia.org/sanitized-datasets/3d680fbe-207b-4228-9e92-bfe2f811e82b/81226f5a-5f42-425f-ad8e-fd7f2adb9a68.jpg,camera_data/images/img_1131053.jpg,0,Normal
1131096,https://tools.alertcalifornia.org/sanitized-datasets/3d680fbe-207b-4228-9e92-bfe2f811e82b/c677c88b-17f6-4016-8194-03ea299f45ca.jpg,camera_data/images/img_1131096.jpg,0,Normal
1131109,https://tools.alertcalifornia.org/sanitized-datasets/3d680fbe-207b-4228-9e92-bfe2f811e82b/745c711b-1824-4458-b86d-6306bcb7b1ea.jpg,camera_data/images/img_1131109.jpg,0,Normal
1131131,https://tools.alertcalifornia.org/sanitized-datasets/3d680fbe-207b-4228-9e92-bfe2f811e82b/153d0476-de38-486c-88cb-886c80d3b35a.jpg,camera_data/images/img_1131131.jpg,1,Abnormal
1131200,https://tools.alertcalifornia.org/sanitized-datasets/3d680fbe-207b-4228-9e92-bfe2f811e82b/481b6d7b-1866-444a-ac1f-b2b549d7a032.jpg,camera_data/images/img_1131200.jpg,1,Abnormal
1131210,https://tools.alertcalifornia.org/sanitized-datasets/3d680fbe-207b-4228-9e92-bfe2f811e82b/d4c7bb4b-e3ce-4ac6-a845-e7a4b7a41372.jpg,camera_data/images/img_1131210.jpg,0,Normal
1131268,https://tools.alertcalifornia.org/sanitized-datasets/3d680fbe-207b-4228-9e92-bfe2f811e82b/e60a9bed-8d1e-4162-a493-15955079f6e1.jpg,camera_data/images/img_1131268.jpg,0,Normal
1131288,https://tools.alertcalifornia.org/sanitized-datasets/3d680fbe-207b-4228-9e92-bfe2f811e82b/01615c9b-309e-4ed3-b063-856b61947e1d.jpg,camera_data/images/img_1131288.jpg,0,Normal
1131297,https://tools.alertcalifornia.org/sanitized-datasets/3d680fbe-207b-4228-9e92-bfe2f811e82b/69978ca4-79f9-4135-b5a2-1e9f2343d26a.jpg,camera_data/images/img_1131297.jpg,0,Normal
1131399,https://tools.alertcalifornia.org/sanitized-datasets/3d680fbe-207b-4228-9e92-bfe2f811e82b/575aa7fb-34d9-47ee-ad5d-a42b9f1f7c5e.jpg,camera_data/images/img_1131399.jpg,1,Abnormal
1131508,https://tools.alertcalifornia.org/sanitized-datasets/3d680fbe-207b-4228-9e92-bfe2f811e82b/1acd8763-f7aa-4ae2-a6f6-b049ddcedbfe.jpg,camera_data/images/img_1131508.jpg,0,Normal
1131584,https://tools.alertcalifornia.org/sanitized-datasets/3d680fbe-207b-4228-9e92-bfe2f811e82b/85d9f6d0-c83e-4f5c-9ab4-7513892d9503.jpg,camera_data/images/img_1131584.jpg,0,Normal
1131590,https://tools.alertcalifornia.org/sanitized-datasets/3d680fbe-207b-4228-9e92-bfe2f811e82b/e3b53235-8b7d-400c-9990-c0bab9cce451.jpg,camera_data/images/img_1131590.jpg,1,Abnormal
1131603,https://tools.alertcalifornia.org/sanitized-datasets/3d680fbe-207b-4228-9e92-bfe2f811e82b/ac6a4657-1f0e-4503-9afb-f33fbabae92a.jpg,camera_data/images/img_1131603.jpg,0,Normal
1131612,https://tools.alertcalifornia.org/sanitized-datasets/3d680fbe-207b-4228-9e92-bfe2f811e82b/785d458a-564e-43f4-94c4-4df68799e841.jpg,camera_data/images/img_1131612.jpg,1,Abnormal
1131613,https://tools.alertcalifornia.org/sanitized-datasets/3d680fbe-207b-4228-9e92-bfe2f811e82b/20f7ecd6-83f2-4867-836a-7ba88d5c38cc.jpg,camera_data/images/img_1131613.jpg,0,Normal
1131640,https://tools.alertcalifornia.org/sanitized-datasets/3d680fbe-207b-4228-9e92-bfe2f811e82b/d52c63bd-473d-4589-a7eb-39e7300d5a53.jpg,camera_data/images/img_1131640.jpg,1,Abnormal
1131662,https://tools.alertcalifornia.org/sanitized-datasets/3d680fbe-207b-4228-9e92-bfe2f811e82b/9d46ad01-c0a2-4e30-b178-72013cf176e7.jpg,camera_data/images/img_1131662.jpg,1,Abnormal
1131679,https://tools.alertcalifornia.org/sanitized-datasets/3d680fbe-207b-4228-9e92-bfe2f811e82b/b871a6a5-df44-444a-9202-ecf0daa03089.jpg,camera_data/images/img_1131679.jpg,0,Normal
1131703,https://tools.alertcalifornia.org/sanitized-datasets/3d680fbe-207b-4228-9e92-bfe2f811e82b/d6d707b0-bb91-4704-b859-e19020eed937.jpg,camera_data/images/img_1131703.jpg,1,Abnormal

1131789,https://tools.alertcalifornia.org/sanitized-datasets/3d680fbe-207b-4228-9e92-bfe2f811e82b/cc439fb5-7c19-4cd8-b724-6ef19e6c1de5.jpg,camera_data/images/img_1131789.jpg,0,Normal
1131805,https://tools.alertcalifornia.org/sanitized-datasets/3d680fbe-207b-4228-9e92-bfe2f811e82b/4e3f53a1-e1f8-4835-854e-80c4a0499d72.jpg,camera_data/images/img_1131805.jpg,1,Abnormal
1131822,https://tools.alertcalifornia.org/sanitized-datasets/3d680fbe-207b-4228-9e92-bfe2f811e82b/db423593-b4e9-41c9-89c2-2dae25f49dd9.jpg,camera_data/images/img_1131822.jpg,0,Normal
1131855,https://tools.alertcalifornia.org/sanitized-datasets/3d680fbe-207b-4228-9e92-bfe2f811e82b/6cc587dc-b39e-4dc1-97a0-cde0e208213f.jpg,camera_data/images/img_1131855.jpg,0,Normal
1131893,https://tools.alertcalifornia.org/sanitized-datasets/3d680fbe-207b-4228-9e92-bfe2f811e82b/1aa1f841-a543-450a-a5c3-206301106875.jpg,camera_data/images/img_1131893.jpg,1,Abnormal
1131906,https://tools.alertcalifornia.org/sanitized-datasets/3d680fbe-207b-4228-9e92-bfe2f811e82b/1526ff5f-7dde-4848-9cb7-6ef898265e21.jpg,camera_data/images/img_1131906.jpg,1,Abnormal
1131931,https://tools.alertcalifornia.org/sanitized-datasets/3d680fbe-207b-4228-9e92-bfe2f811e82b/9f258ba6-b53b-42f2-ae89-e7b27ded7bb3.jpg,camera_data/images/img_1131931.jpg,1,Abnormal
1131937,https://tools.alertcalifornia.org/sanitized-datasets/3d680fbe-207b-4228-9e92-bfe2f811e82b/cac0b308-f889-4a3f-88de-fdd55b2060cb.jpg,camera_data/images/img_1131937.jpg,0,Normal
1131942,https://tools.alertcalifornia.org/sanitized-datasets/3d680fbe-207b-4228-9e92-bfe2f811e82b/30df2ff2-f0b4-427e-a2fd-c7e96f4a17ff.jpg,camera_data/images/img_1131942.jpg,0,Normal
1131988,https://tools.alertcalifornia.org/sanitized-datasets/3d680fbe-207b-4228-9e92-bfe2f811e82b/2e671d32-9845-4886-b7f3-442843bffe76.jpg,camera_data/images/img_1131988.jpg,0,Normal
1132024,https://tools.alertcalifornia.org/sanitized-datasets/3d680fbe-207b-4228-9e92-bfe2f811e82b/a71066b3-bc41-474d-aaba-46beb63d211b.jpg,camera_data/images/img_1132024.jpg,1,Abnormal
1132028,https://tools.alertcalifornia.org/sanitized-datasets/3d680fbe-207b-4228-9e92-bfe2f811e82b/5269941a-a7da-46f4-9714-e246271fc8f2.jpg,camera_data/images/img_1132028.jpg,0,Normal
1132038,https://tools.alertcalifornia.org/sanitized-datasets/3d680fbe-207b-4228-9e92-bfe2f811e82b/73ec1d54-492a-46df-bdfe-c94c0276547c.jpg,camera_data/images/img_1132038.jpg,0,Normal
1132085,https://tools.alertcalifornia.org/sanitized-datasets/3d680fbe-207b-4228-9e92-bfe2f811e82b/bf666575-30f2-4b0a-b5ae-a63bb0df6ffd.jpg,camera_data/images/img_1132085.jpg,0,Normal
1132105,https://tools.alertcalifornia.org/sanitized-datasets/3d680fbe-207b-4228-9e92-bfe2f811e82b/991ee64b-549e-426e-9d8d-7409844c6eba.jpg,camera_data/images/img_1132105.jpg,1,Abnormal
1132159,https://tools.alertcalifornia.org/sanitized-datasets/3d680fbe-207b-4228-9e92-bfe2f811e82b/9b9a01b5-cae7-443a-89f4-bcae6cf78e67.jpg,camera_data/images/img_1132159.jpg,0,Normal
1132200,https://tools.alertcalifornia.org/sanitized-datasets/3d680fbe-207b-4228-9e92-bfe2f811e82b/c5f0229c-ea19-49b1-a939-2a286c3aa1b3.jpg,camera_data/images/img_1132200.jpg,0,Normal
1132230,https://tools.alertcalifornia.org/sanitized-datasets/3d680fbe-207b-4228-9e92-bfe2f811e82b/e0050c77-02d7-4d6a-a16b-eed62b5dcefa.jpg,camera_data/images/img_1132230.jpg,1,Abnormal
1132258,https://tools.alertcalifornia.org/sanitized-datasets/3d680fbe-207b-4228-9e92-bfe2f811e82b/5bd35265-134b-42fc-8b14-52ea7882e78a.jpg,camera_data/images/img_1132258.jpg,0,Normal
1132391,https://tools.alertcalifornia.org/sanitized-datasets/3d680fbe-207b-4228-9e92-bfe2f811e82b/d09d32a5-3a14-48ab-9e0e-5b4c7f81ff77.jpg,camera_data/images/img_1132391.jpg,0,Normal
1132406,https://tools.alertcalifornia.org/sanitized-datasets/3d680fbe-207b-4228-9e92-bfe2f811e82b/d168ac0e-8920-49ee-9108-96410e0492f1.jpg,camera_data/images/img_1132406.jpg,1,Abnormal
1132417,https://tools.alertcalifornia.org/sanitized-datasets/3d680fbe-207b-4228-9e92-bfe2f811e82b/614eaefb-8e64-47a4-bd12-8ca6bfe1463d.jpg,camera_data/images/img_1132417.jpg,0,Normal
1132527,https://tools.alertcalifornia.org/sanitized-datasets/3d680fbe-207b-4228-9e92-bfe2f811e82b/0c834faf-4334-4e77-a5a0-c63ff27c752f.jpg,camera_data/images/img_1132527.jpg,0,Normal
1132578,https://tools.alertcalifornia.org/sanitized-datasets/3d680fbe-207b-4228-9e92-bfe2f811e82b/96e0474b-6eb2-4fa7-a72d-766b9a164ffd.jpg,camera_data/images/img_1132578.jpg,0,Normal
1132767,https://tools.alertcalifornia.org/sanitized-datasets/3d680fbe-207b-4228-9e92-bfe2f811e82b/2d7bafcc-16dd-493b-908b-1cfc3ab87890.jpg,camera_data/images/img_1132767.jpg,0,Normal
1132853,https://tools.alertcalifornia.org/sanitized-datasets/3d680fbe-207b-4228-9e92-bfe2f811e82b/242f0e2f-d9a4-41c9-9661-d2ed66f23a04.jpg,camera_data/images/img_1132853.jpg,1,Abnormal
1132860,https://tools.alertcalifornia.org/sanitized-datasets/3d680fbe-207b-4228-9e92-bfe2f811e82b/4a5be94e-cee3-45be-b960-3062cfe399be.jpg,camera_data/images/img_1132860.jpg,0,Normal
1132862,https://tools.alertcalifornia.org/sanitized-datasets/3d680fbe-207b-4228-9e92-bfe2f811e82b/50ae81c6-e546-4009-93a0-752561dbba2f.jpg,camera_data/images/img_1132862.jpg,0,Normal
1132928,https://tools.alertcalifornia.org/sanitized-datasets/3d680fbe-207b-4228-9e92-bfe2f811e82b/95d6f64f-fb04-42f8-aaf6-e6d1f44e5795.jpg,camera_data/images/img_1132928.jpg,0,Normal
1132956,https://tools.alertcalifornia.org/sanitized-datasets/3d680fbe-207b-4228-9e92-bfe2f811e82b/2ca86552-ba5d-434d-bfb7-80365c23691d.jpg,camera_data/images/img_1132956.jpg,0,Normal
1132967,https://tools.alertcalifornia.org/sanitized-datasets/3d680fbe-207b-4228-9e92-bfe2f811e82b/dc86261f-9543-4383-9a0d-ccaeef9866df.jpg,camera_data/images/img_1132967.jpg,0,Normal
1133097,https://tools.alertcalifornia.org/sanitized-datasets/3d680fbe-207b-4228-9e92-bfe2f811e82b/4fc26be1-4c52-48d4-9a4a-3ee38fd5efa1.jpg,camera_data/images/img_1133097.jpg,1,Abnormal

1133104,https://tools.alertcalifornia.org/sanitized-datasets/3d680fbe-207b-4228-9e92-bfe2f811e82b/684ba827-81fa-45ce-9188-25cc3c13f071.jpg,camera_data/images/img_1133104.jpg,0,Normal
1133119,https://tools.alertcalifornia.org/sanitized-datasets/3d680fbe-207b-4228-9e92-bfe2f811e82b/f5481015-ee3a-4ec9-ab7e-14b2858acbf2.jpg,camera_data/images/img_1133119.jpg,0,Normal
1133150,https://tools.alertcalifornia.org/sanitized-datasets/3d680fbe-207b-4228-9e92-bfe2f811e82b/6adc039a-108d-4956-9132-d85bb69931fc.jpg,camera_data/images/img_1133150.jpg,0,Normal
1133203,https://tools.alertcalifornia.org/sanitized-datasets/3d680fbe-207b-4228-9e92-bfe2f811e82b/cdc4e0f8-2167-4c31-a7c9-8946b8dfa211.jpg,camera_data/images/img_1133203.jpg,1,Abnormal
1133215,https://tools.alertcalifornia.org/sanitized-datasets/3d680fbe-207b-4228-9e92-bfe2f811e82b/071b9c06-262e-493c-b065-86e2f897df64.jpg,camera_data/images/img_1133215.jpg,0,Normal
1133237,https://tools.alertcalifornia.org/sanitized-datasets/3d680fbe-207b-4228-9e92-bfe2f811e82b/7a412648-4919-4149-9b59-613bf77a6a19.jpg,camera_data/images/img_1133237.jpg,0,Normal
1133293,https://tools.alertcalifornia.org/sanitized-datasets/3d680fbe-207b-4228-9e92-bfe2f811e82b/22e7c2fa-ee4c-47e5-8786-3c7d6a014e5a.jpg,camera_data/images/img_1133293.jpg,0,Normal
1133331,https://tools.alertcalifornia.org/sanitized-datasets/3d680fbe-207b-4228-9e92-bfe2f811e82b/4a74d58e-dbca-44e4-9361-55964a7a20e9.jpg,camera_data/images/img_1133331.jpg,0,Normal
1133392,https://tools.alertcalifornia.org/sanitized-datasets/3d680fbe-207b-4228-9e92-bfe2f811e82b/abedb119-6195-4492-ab5e-a961ef5b0202.jpg,camera_data/images/img_1133392.jpg,1,Abnormal
1133401,https://tools.alertcalifornia.org/sanitized-datasets/3d680fbe-207b-4228-9e92-bfe2f811e82b/b1f31e73-eb30-4e40-b7f4-5025e4c20df3.jpg,camera_data/images/img_1133401.jpg,0,Normal
1133495,https://tools.alertcalifornia.org/sanitized-datasets/3d680fbe-207b-4228-9e92-bfe2f811e82b/c433a1a9-9def-457b-839c-49e2ee2a2733.jpg,camera_data/images/img_1133495.jpg,0,Normal
1133532,https://tools.alertcalifornia.org/sanitized-datasets/3d680fbe-207b-4228-9e92-bfe2f811e82b/f8907e4a-298b-4be2-b66a-221e52b123d7.jpg,camera_data/images/img_1133532.jpg,0,Normal
1133536,https://tools.alertcalifornia.org/sanitized-datasets/3d680fbe-207b-4228-9e92-bfe2f811e82b/a4a75935-e29f-4708-ad78-eaa5acfbf659.jpg,camera_data/images/img_1133536.jpg,0,Normal
1133564,https://tools.alertcalifornia.org/sanitized-datasets/3d680fbe-207b-4228-9e92-bfe2f811e82b/0852d634-43d0-4afb-9434-9139a38adda7.jpg,camera_data/images/img_1133564.jpg,0,Normal
1133578,https://tools.alertcalifornia.org/sanitized-datasets/3d680fbe-207b-4228-9e92-bfe2f811e82b/48f83855-75c7-467d-8d47-be7d510cca8f.jpg,camera_data/images/img_1133578.jpg,0,Normal
1133579,https://tools.alertcalifornia.org/sanitized-datasets/3d680fbe-207b-4228-9e92-bfe2f811e82b/eb165a07-bf82-48bc-8f94-52f9dd2d38ff.jpg,camera_data/images/img_1133579.jpg,1,Abnormal
1133631,https://tools.alertcalifornia.org/sanitized-datasets/3d680fbe-207b-4228-9e92-bfe2f811e82b/5ae76cde-b394-4727-8a83-e6f67179de20.jpg,camera_data/images/img_1133631.jpg,1,Abnormal
1103715,https://tools.alertcalifornia.org/sanitized-datasets/3d680fbe-207b-4228-9e92-bfe2f811e82b/ba4b6fa4-5cd0-4e39-b28c-7194ccb9a1b3.jpg,camera_data/images/img_1103715.jpg,1,Abnormal
1103736,https://tools.alertcalifornia.org/sanitized-datasets/3d680fbe-207b-4228-9e92-bfe2f811e82b/eb52ffa3-be83-47ef-9043-cf4ce6675eef.jpg,camera_data/images/img_1103736.jpg,0,Normal
1103782,https://tools.alertcalifornia.org/sanitized-datasets/3d680fbe-207b-4228-9e92-bfe2f811e82b/5e64ae19-16a7-4f1e-9d91-d545a622d10f.jpg,camera_data/images/img_1103782.jpg,1,Abnormal
1103792,https://tools.alertcalifornia.org/sanitized-datasets/3d680fbe-207b-4228-9e92-bfe2f811e82b/41d2dc81-5639-4ff3-85e8-44938c61dc20.jpg,camera_data/images/img_1103792.jpg,1,Abnormal
1103827,https://tools.alertcalifornia.org/sanitized-datasets/3d680fbe-207b-4228-9e92-bfe2f811e82b/f301b3b2-e609-46d2-8bca-671bac5f49cf.jpg,camera_data/images/img_1103827.jpg,0,Normal
1103881,https://tools.alertcalifornia.org/sanitized-datasets/3d680fbe-207b-4228-9e92-bfe2f811e82b/b05694ef-2852-4293-abb9-1ace1e9db590.jpg,camera_data/images/img_1103881.jpg,1,Abnormal
1103909,https://tools.alertcalifornia.org/sanitized-datasets/3d680fbe-207b-4228-9e92-bfe2f811e82b/39f2a152-fb97-4ca5-bfb6-f7bf9b534bf0.jpg,camera_data/images/img_1103909.jpg,1,Abnormal
1103930,https://tools.alertcalifornia.org/sanitized-datasets/3d680fbe-207b-4228-9e92-bfe2f811e82b/4ce541ed-f16e-41d3-98d1-f137a0a12ffa.jpg,camera_data/images/img_1103930.jpg,1,Abnormal
1103937,https://tools.alertcalifornia.org/sanitized-datasets/3d680fbe-207b-4228-9e92-bfe2f811e82b/00da61b5-876b-4ef2-ad74-2bc0d438fdd7.jpg,camera_data/images/img_1103937.jpg,0,Normal
1103992,https://tools.alertcalifornia.org/sanitized-datasets/3d680fbe-207b-4228-9e92-bfe2f811e82b/6abd210d-3845-4e2c-a803-14c88539246f.jpg,camera_data/images/img_1103992.jpg,1,Abnormal
1104001,https://tools.alertcalifornia.org/sanitized-datasets/3d680fbe-207b-4228-9e92-bfe2f811e82b/cb60e357-596c-49b8-989d-71f414de4a74.jpg,camera_data/images/img_1104001.jpg,1,Abnormal
1104017,https://tools.alertcalifornia.org/sanitized-datasets/3d680fbe-207b-4228-9e92-bfe2f811e82b/44c14f8e-2def-4d93-9df6-8adb59d7ddf4.jpg,camera_data/images/img_1104017.jpg,1,Abnormal
1104029,https://tools.alertcalifornia.org/sanitized-datasets/3d680fbe-207b-4228-9e92-bfe2f811e82b/bb30d032-d4ad-4724-b42e-fd57c99ed98a.jpg,camera_data/images/img_1104029.jpg,1,Abnormal
1104036,https://tools.alertcalifornia.org/sanitized-datasets/3d680fbe-207b-4228-9e92-bfe2f811e82b/302ab7e3-7f47-410a-bd99-fe2064a42ae9.jpg,camera_data/images/img_1104036.jpg,1,Abnormal
1104083,https://tools.alertcalifornia.org/sanitized-datasets/3d680fbe-207b-4228-9e92-bfe2f811e82b/90e88900-5599-41c8-a3e2-d470b2992e7e.jpg,camera_data/images/img_1104083.jpg,1,Abnormal

1104100,https://tools.alertcalifornia.org/sanitized-datasets/3d680fbe-207b-4228-9e92-bfe2f811e82b/b0d5d432-8a05-4946-ae29-5a15b32b9eb3.jpg,camera_data/images/img_1104100.jpg,0,Normal
1104201,https://tools.alertcalifornia.org/sanitized-datasets/3d680fbe-207b-4228-9e92-bfe2f811e82b/cd85500c-3aa4-4323-a35a-7eb71991a82e.jpg,camera_data/images/img_1104201.jpg,1,Abnormal
1104202,https://tools.alertcalifornia.org/sanitized-datasets/3d680fbe-207b-4228-9e92-bfe2f811e82b/968427c8-3ffe-4790-bd34-15c815935434.jpg,camera_data/images/img_1104202.jpg,1,Abnormal
1104215,https://tools.alertcalifornia.org/sanitized-datasets/3d680fbe-207b-4228-9e92-bfe2f811e82b/e382fdee-24b5-4726-90eb-379905cc6beb.jpg,camera_data/images/img_1104215.jpg,0,Normal
1104249,https://tools.alertcalifornia.org/sanitized-datasets/3d680fbe-207b-4228-9e92-bfe2f811e82b/55b1e9a6-82f2-481d-96fc-452c6ec409fc.jpg,camera_data/images/img_1104249.jpg,1,Abnormal
1104282,https://tools.alertcalifornia.org/sanitized-datasets/3d680fbe-207b-4228-9e92-bfe2f811e82b/4b01fd02-7480-4953-82c2-e205086d3a23.jpg,camera_data/images/img_1104282.jpg,0,Normal
1104381,https://tools.alertcalifornia.org/sanitized-datasets/3d680fbe-207b-4228-9e92-bfe2f811e82b/438e37c1-4f93-4bfa-932d-2b17afdb6210.jpg,camera_data/images/img_1104381.jpg,1,Abnormal
1104383,https://tools.alertcalifornia.org/sanitized-datasets/3d680fbe-207b-4228-9e92-bfe2f811e82b/a649d17a-33e9-41ff-a0d7-fa3bfb0a1ebb.jpg,camera_data/images/img_1104383.jpg,0,Normal
1104530,https://tools.alertcalifornia.org/sanitized-datasets/3d680fbe-207b-4228-9e92-bfe2f811e82b/7a942577-a588-42ed-a556-63fadab58a8d.jpg,camera_data/images/img_1104530.jpg,1,Abnormal
1104534,https://tools.alertcalifornia.org/sanitized-datasets/3d680fbe-207b-4228-9e92-bfe2f811e82b/e1517f15-5658-4f88-bef6-462fbe747096.jpg,camera_data/images/img_1104534.jpg,1,Abnormal
1104547,https://tools.alertcalifornia.org/sanitized-datasets/3d680fbe-207b-4228-9e92-bfe2f811e82b/ec7826ee-eea6-4141-804d-8981da2266a1.jpg,camera_data/images/img_1104547.jpg,1,Abnormal
1104593,https://tools.alertcalifornia.org/sanitized-datasets/3d680fbe-207b-4228-9e92-bfe2f811e82b/9b485f8a-1a9d-4922-b9b6-e8e500626a2e.jpg,camera_data/images/img_1104593.jpg,1,Abnormal
1104621,https://tools.alertcalifornia.org/sanitized-datasets/3d680fbe-207b-4228-9e92-bfe2f811e82b/e56bd769-ba5f-43c7-be11-d0622b90ca25.jpg,camera_data/images/img_1104621.jpg,1,Abnormal
1104679,https://tools.alertcalifornia.org/sanitized-datasets/3d680fbe-207b-4228-9e92-bfe2f811e82b/15990b5a-d1e1-48d4-8a6d-d543e676fdad.jpg,camera_data/images/img_1104679.jpg,0,Normal
1104693,https://tools.alertcalifornia.org/sanitized-datasets/3d680fbe-207b-4228-9e92-bfe2f811e82b/5a49d61e-d0d3-49e0-ae3f-597b9f06b43c.jpg,camera_data/images/img_1104693.jpg,1,Abnormal
1104702,https://tools.alertcalifornia.org/sanitized-datasets/3d680fbe-207b-4228-9e92-bfe2f811e82b/1e42311a-3bfe-4ff4-b687-09446b655d59.jpg,camera_data/images/img_1104702.jpg,1,Abnormal
1104704,https://tools.alertcalifornia.org/sanitized-datasets/3d680fbe-207b-4228-9e92-bfe2f811e82b/ffa2bfad-00ab-4f26-8133-7a6e675ef07f.jpg,camera_data/images/img_1104704.jpg,1,Abnormal
1104751,https://tools.alertcalifornia.org/sanitized-datasets/3d680fbe-207b-4228-9e92-bfe2f811e82b/e456d49a-cf95-49d3-a7d7-fcfa9a3c15ba.jpg,camera_data/images/img_1104751.jpg,1,Abnormal
1104758,https://tools.alertcalifornia.org/sanitized-datasets/3d680fbe-207b-4228-9e92-bfe2f811e82b/eb15a3cc-e38a-4e37-9f33-3613362247b4.jpg,camera_data/images/img_1104758.jpg,1,Abnormal
1104793,https://tools.alertcalifornia.org/sanitized-datasets/3d680fbe-207b-4228-9e92-bfe2f811e82b/09e6f401-fb39-4aba-9d80-7e691579e9f8.jpg,camera_data/images/img_1104793.jpg,1,Abnormal
1104794,https://tools.alertcalifornia.org/sanitized-datasets/3d680fbe-207b-4228-9e92-bfe2f811e82b/66cfd0a2-553c-4189-b06e-8f4fee837ab0.jpg,camera_data/images/img_1104794.jpg,1,Abnormal
1104828,https://tools.alertcalifornia.org/sanitized-datasets/3d680fbe-207b-4228-9e92-bfe2f811e82b/f688e05a-6df0-4866-b0bf-f9fdede4441f.jpg,camera_data/images/img_1104828.jpg,1,Abnormal
1104884,https://tools.alertcalifornia.org/sanitized-datasets/3d680fbe-207b-4228-9e92-bfe2f811e82b/e6c7a8c3-c9dc-4022-b417-66cd8c9f075a.jpg,camera_data/images/img_1104884.jpg,1,Abnormal
1104894,https://tools.alertcalifornia.org/sanitized-datasets/3d680fbe-207b-4228-9e92-bfe2f811e82b/d9310b75-ea8e-426e-8b95-fcc1b8fade22.jpg,camera_data/images/img_1104894.jpg,1,Abnormal
1104905,https://tools.alertcalifornia.org/sanitized-datasets/3d680fbe-207b-4228-9e92-bfe2f811e82b/ad277f1a-366f-4152-84ba-540851cf09af.jpg,camera_data/images/img_1104905.jpg,1,Abnormal
1104952,https://tools.alertcalifornia.org/sanitized-datasets/3d680fbe-207b-4228-9e92-bfe2f811e82b/5786e42c-c253-4c74-8132-1312b4728779.jpg,camera_data/images/img_1104952.jpg,1,Abnormal
1104982,https://tools.alertcalifornia.org/sanitized-datasets/3d680fbe-207b-4228-9e92-bfe2f811e82b/f9258f3d-3572-4270-bd0e-8f0f2a6cc01a.jpg,camera_data/images/img_1104982.jpg,0,Normal
1105092,https://tools.alertcalifornia.org/sanitized-datasets/3d680fbe-207b-4228-9e92-bfe2f811e82b/1ee36877-9fc0-4210-ba3e-951c40d73ba9.jpg,camera_data/images/img_1105092.jpg,0,Normal
1105099,https://tools.alertcalifornia.org/sanitized-datasets/3d680fbe-207b-4228-9e92-bfe2f811e82b/fbf4de6c-3469-4705-8dcb-e922a9cc878e.jpg,camera_data/images/img_1105099.jpg,1,Abnormal
1105207,https://tools.alertcalifornia.org/sanitized-datasets/3d680fbe-207b-4228-9e92-bfe2f811e82b/6252c3fa-6f12-4a4a-91da-9b93801b5acd.jpg,camera_data/images/img_1105207.jpg,1,Abnormal
1105225,https://tools.alertcalifornia.org/sanitized-datasets/3d680fbe-207b-4228-9e92-bfe2f811e82b/a3d1b0b8-990e-4cab-9e43-a3a71da1d1ea.jpg,camera_data/images/img_1105225.jpg,1,Abnormal
1105316,https://tools.alertcalifornia.org/sanitized-datasets/3d680fbe-207b-4228-9e92-bfe2f811e82b/3463bb44-d3f0-42c8-a5ba-ce4b60507932.jpg,camera_data/images/img_1105316.jpg,0,Normal

1105371,https://tools.alertcalifornia.org/sanitized-datasets/3d680fbe-207b-4228-9e92-bfe2f811e82b/beb1d19e-cede-4155-b98a-7b15061f3f94.jpg,camera_data/images/img_1105371.jpg,0,Normal
1105382,https://tools.alertcalifornia.org/sanitized-datasets/3d680fbe-207b-4228-9e92-bfe2f811e82b/fc7fab2c-536b-405e-a9b8-54303cae8043.jpg,camera_data/images/img_1105382.jpg,1,Abnormal
1105457,https://tools.alertcalifornia.org/sanitized-datasets/3d680fbe-207b-4228-9e92-bfe2f811e82b/ee3973db-0caf-45be-90a3-6c68dd89c4ff.jpg,camera_data/images/img_1105457.jpg,1,Abnormal
1105489,https://tools.alertcalifornia.org/sanitized-datasets/3d680fbe-207b-4228-9e92-bfe2f811e82b/e46b38b3-f0b5-4d32-877c-78205d6f4253.jpg,camera_data/images/img_1105489.jpg,0,Normal
1105492,https://tools.alertcalifornia.org/sanitized-datasets/3d680fbe-207b-4228-9e92-bfe2f811e82b/bf5cdaf5-abde-4faf-acec-5c9e1bcb634e.jpg,camera_data/images/img_1105492.jpg,0,Normal
1105650,https://tools.alertcalifornia.org/sanitized-datasets/3d680fbe-207b-4228-9e92-bfe2f811e82b/11ba2f0f-71be-43fd-a79d-6fd4252bf3bf.jpg,camera_data/images/img_1105650.jpg,1,Abnormal
1105679,https://tools.alertcalifornia.org/sanitized-datasets/3d680fbe-207b-4228-9e92-bfe2f811e82b/e7622116-6dfe-4de9-9500-261de4bebd82.jpg,camera_data/images/img_1105679.jpg,0,Normal
1105713,https://tools.alertcalifornia.org/sanitized-datasets/3d680fbe-207b-4228-9e92-bfe2f811e82b/1ef6fdb0-a817-4a0f-b8e7-0705b3fbed67.jpg,camera_data/images/img_1105713.jpg,1,Abnormal
1105733,https://tools.alertcalifornia.org/sanitized-datasets/3d680fbe-207b-4228-9e92-bfe2f811e82b/127a312d-814e-4c91-b83d-34a83f0a3d6c.jpg,camera_data/images/img_1105733.jpg,1,Abnormal
1105757,https://tools.alertcalifornia.org/sanitized-datasets/3d680fbe-207b-4228-9e92-bfe2f811e82b/adb2284a-c939-4827-bba7-24a526cda8ac.jpg,camera_data/images/img_1105757.jpg,1,Abnormal
1105760,https://tools.alertcalifornia.org/sanitized-datasets/3d680fbe-207b-4228-9e92-bfe2f811e82b/05621b12-68e7-4e40-bcf2-2912311a95e0.jpg,camera_data/images/img_1105760.jpg,1,Abnormal
1105775,https://tools.alertcalifornia.org/sanitized-datasets/3d680fbe-207b-4228-9e92-bfe2f811e82b/02c8d014-8ea7-46aa-9ae7-4c94c32cd3e8.jpg,camera_data/images/img_1105775.jpg,1,Abnormal
1105831,https://tools.alertcalifornia.org/sanitized-datasets/3d680fbe-207b-4228-9e92-bfe2f811e82b/e2e473e0-ee67-48c7-9c26-701a5cc06a4f.jpg,camera_data/images/img_1105831.jpg,0,Normal
1105854,https://tools.alertcalifornia.org/sanitized-datasets/3d680fbe-207b-4228-9e92-bfe2f811e82b/f1ac91ad-ca57-4e71-9509-887e659bc1e0.jpg,camera_data/images/img_1105854.jpg,0,Normal
1105864,https://tools.alertcalifornia.org/sanitized-datasets/3d680fbe-207b-4228-9e92-bfe2f811e82b/9b83943e-7afe-4541-a757-18e5d8170256.jpg,camera_data/images/img_1105864.jpg,1,Abnormal
1105870,https://tools.alertcalifornia.org/sanitized-datasets/3d680fbe-207b-4228-9e92-bfe2f811e82b/54082de5-8b4c-4597-b2cc-07be721698e1.jpg,camera_data/images/img_1105870.jpg,1,Abnormal
1105925,https://tools.alertcalifornia.org/sanitized-datasets/3d680fbe-207b-4228-9e92-bfe2f811e82b/7acb991b-17d0-4cf2-a5f6-7ce602790d4d.jpg,camera_data/images/img_1105925.jpg,1,Abnormal
1106015,https://tools.alertcalifornia.org/sanitized-datasets/3d680fbe-207b-4228-9e92-bfe2f811e82b/fb3eaa92-865a-48fa-b4e7-c47717e4dab6.jpg,camera_data/images/img_1106015.jpg,0,Normal
1106020,https://tools.alertcalifornia.org/sanitized-datasets/3d680fbe-207b-4228-9e92-bfe2f811e82b/0b2d87f5-1d08-4335-b710-cfa278ff2fcc.jpg,camera_data/images/img_1106020.jpg,1,Abnormal
1106071,https://tools.alertcalifornia.org/sanitized-datasets/3d680fbe-207b-4228-9e92-bfe2f811e82b/66b7f3a1-bcfd-4ef4-b4d6-0ad28bb6a20a.jpg,camera_data/images/img_1106071.jpg,1,Abnormal
1106072,https://tools.alertcalifornia.org/sanitized-datasets/3d680fbe-207b-4228-9e92-bfe2f811e82b/2bfb26a1-60f3-45f7-acf1-235d4c4cbd9f.jpg,camera_data/images/img_1106072.jpg,1,Abnormal
1106152,https://tools.alertcalifornia.org/sanitized-datasets/3d680fbe-207b-4228-9e92-bfe2f811e82b/4ff2a6b9-873e-452e-bfee-569270f6ef91.jpg,camera_data/images/img_1106152.jpg,1,Abnormal
1106229,https://tools.alertcalifornia.org/sanitized-datasets/3d680fbe-207b-4228-9e92-bfe2f811e82b/3ceb9c73-3c3f-44a6-8ee2-d39821476c53.jpg,camera_data/images/img_1106229.jpg,1,Abnormal
1106235,https://tools.alertcalifornia.org/sanitized-datasets/3d680fbe-207b-4228-9e92-bfe2f811e82b/3befb1db-5657-4df2-ad17-6544daf5ae64.jpg,camera_data/images/img_1106235.jpg,0,Normal
1106293,https://tools.alertcalifornia.org/sanitized-datasets/3d680fbe-207b-4228-9e92-bfe2f811e82b/b783564f-ffd9-41a8-972b-778c74e0537f.jpg,camera_data/images/img_1106293.jpg,1,Abnormal
1106312,https://tools.alertcalifornia.org/sanitized-datasets/3d680fbe-207b-4228-9e92-bfe2f811e82b/67ff68f9-6fe9-4cbe-9f87-7ec60a23733d.jpg,camera_data/images/img_1106312.jpg,1,Abnormal
1106320,https://tools.alertcalifornia.org/sanitized-datasets/3d680fbe-207b-4228-9e92-bfe2f811e82b/c6b71eb0-387d-4dab-ae03-640f94a9292a.jpg,camera_data/images/img_1106320.jpg,1,Abnormal
1106323,https://tools.alertcalifornia.org/sanitized-datasets/3d680fbe-207b-4228-9e92-bfe2f811e82b/74683487-7bb4-4a07-9357-b074de59ca33.jpg,camera_data/images/img_1106323.jpg,1,Abnormal
1106387,https://tools.alertcalifornia.org/sanitized-datasets/3d680fbe-207b-4228-9e92-bfe2f811e82b/5f4d396d-d0b5-4bd4-81e6-7f714583d888.jpg,camera_data/images/img_1106387.jpg,0,Normal
1106468,https://tools.alertcalifornia.org/sanitized-datasets/3d680fbe-207b-4228-9e92-bfe2f811e82b/25677cc6-272b-43b2-a844-c343872424e0.jpg,camera_data/images/img_1106468.jpg,1,Abnormal
1106578,https://tools.alertcalifornia.org/sanitized-datasets/3d680fbe-207b-4228-9e92-bfe2f811e82b/6fdf155c-8aab-4846-9f29-77b73537287e.jpg,camera_data/images/img_1106578.jpg,0,Normal
1106582,https://tools.alertcalifornia.org/sanitized-datasets/3d680fbe-207b-4228-9e92-bfe2f811e82b/1ce6fd33-a7e8-4ad8-b2da-03da56a16b69.jpg,camera_data/images/img_1106582.jpg,1,Abnormal

1106599,https://tools.alertcalifornia.org/sanitized-datasets/3d680fbe-207b-4228-9e92-bfe2f811e82b/5efd9b75-dac0-4db1-aa12-7a571e1c3d78.jpg,camera_data/images/img_1106599.jpg,1,Abnormal
1106658,https://tools.alertcalifornia.org/sanitized-datasets/3d680fbe-207b-4228-9e92-bfe2f811e82b/a58ae968-181d-451a-9c22-9ded54f20dd0.jpg,camera_data/images/img_1106658.jpg,1,Abnormal
1106707,https://tools.alertcalifornia.org/sanitized-datasets/3d680fbe-207b-4228-9e92-bfe2f811e82b/69fef0d8-db71-4905-975f-e7bb68f404ff.jpg,camera_data/images/img_1106707.jpg,0,Normal
1106714,https://tools.alertcalifornia.org/sanitized-datasets/3d680fbe-207b-4228-9e92-bfe2f811e82b/31368878-af25-4381-ad45-a0011a998365.jpg,camera_data/images/img_1106714.jpg,0,Normal
1106810,https://tools.alertcalifornia.org/sanitized-datasets/3d680fbe-207b-4228-9e92-bfe2f811e82b/c0a3ada8-5b25-468d-8d58-5547cfcba24e.jpg,camera_data/images/img_1106810.jpg,1,Abnormal
1106829,https://tools.alertcalifornia.org/sanitized-datasets/3d680fbe-207b-4228-9e92-bfe2f811e82b/0c4e9b6f-35bb-4053-946e-0c197e96a887.jpg,camera_data/images/img_1106829.jpg,1,Abnormal
1106860,https://tools.alertcalifornia.org/sanitized-datasets/3d680fbe-207b-4228-9e92-bfe2f811e82b/8ca53443-1e07-4c5e-a120-9898014a1205.jpg,camera_data/images/img_1106860.jpg,0,Normal
1106945,https://tools.alertcalifornia.org/sanitized-datasets/3d680fbe-207b-4228-9e92-bfe2f811e82b/5f32657d-b22b-4856-ab20-afc457d910e2.jpg,camera_data/images/img_1106945.jpg,0,Normal
1107020,https://tools.alertcalifornia.org/sanitized-datasets/3d680fbe-207b-4228-9e92-bfe2f811e82b/b48fe040-f839-411c-8ce5-92c389987c70.jpg,camera_data/images/img_1107020.jpg,1,Abnormal
1107050,https://tools.alertcalifornia.org/sanitized-datasets/3d680fbe-207b-4228-9e92-bfe2f811e82b/4523db08-d98c-4d92-8aba-2fa164fdd6f9.jpg,camera_data/images/img_1107050.jpg,1,Abnormal
1107072,https://tools.alertcalifornia.org/sanitized-datasets/3d680fbe-207b-4228-9e92-bfe2f811e82b/376aed01-f883-4ade-b908-93b71350a961.jpg,camera_data/images/img_1107072.jpg,1,Abnormal
1107082,https://tools.alertcalifornia.org/sanitized-datasets/3d680fbe-207b-4228-9e92-bfe2f811e82b/893af260-ced0-4086-b466-b39378647393.jpg,camera_data/images/img_1107082.jpg,1,Abnormal
1107100,https://tools.alertcalifornia.org/sanitized-datasets/3d680fbe-207b-4228-9e92-bfe2f811e82b/19172d41-f959-4248-98e6-9bd0d296deef.jpg,camera_data/images/img_1107100.jpg,0,Normal
1107133,https://tools.alertcalifornia.org/sanitized-datasets/3d680fbe-207b-4228-9e92-bfe2f811e82b/fee3caa1-312a-4bc5-9fec-2e058e25f005.jpg,camera_data/images/img_1107133.jpg,0,Normal
1107194,https://tools.alertcalifornia.org/sanitized-datasets/3d680fbe-207b-4228-9e92-bfe2f811e82b/2ae23da3-4c6c-4045-9b7f-c1314bf3ec6b.jpg,camera_data/images/img_1107194.jpg,1,Abnormal
1107208,https://tools.alertcalifornia.org/sanitized-datasets/3d680fbe-207b-4228-9e92-bfe2f811e82b/d9352789-7814-42ef-be40-4f19d69e8c73.jpg,camera_data/images/img_1107208.jpg,0,Normal
1107267,https://tools.alertcalifornia.org/sanitized-datasets/3d680fbe-207b-4228-9e92-bfe2f811e82b/2826a38f-cc33-4a6f-8ba3-6df8a9a623bc.jpg,camera_data/images/img_1107267.jpg,1,Abnormal
1107289,https://tools.alertcalifornia.org/sanitized-datasets/3d680fbe-207b-4228-9e92-bfe2f811e82b/d45f13d1-cf72-4d8b-9eea-84da61273afb.jpg,camera_data/images/img_1107289.jpg,1,Abnormal
1107293,https://tools.alertcalifornia.org/sanitized-datasets/3d680fbe-207b-4228-9e92-bfe2f811e82b/2e3384b5-7de7-4de8-ae2e-e93f5c771aa4.jpg,camera_data/images/img_1107293.jpg,1,Abnormal
1107324,https://tools.alertcalifornia.org/sanitized-datasets/3d680fbe-207b-4228-9e92-bfe2f811e82b/908eeb22-5160-484c-95b4-738cd869d8be.jpg,camera_data/images/img_1107324.jpg,1,Abnormal
1107336,https://tools.alertcalifornia.org/sanitized-datasets/3d680fbe-207b-4228-9e92-bfe2f811e82b/3785e597-2ca6-4e5f-86c3-0e47aebc96e8.jpg,camera_data/images/img_1107336.jpg,1,Abnormal
1107339,https://tools.alertcalifornia.org/sanitized-datasets/3d680fbe-207b-4228-9e92-bfe2f811e82b/d19b908f-f615-4057-957b-306528638f84.jpg,camera_data/images/img_1107339.jpg,0,Normal
1107367,https://tools.alertcalifornia.org/sanitized-datasets/3d680fbe-207b-4228-9e92-bfe2f811e82b/ec530424-f6ee-4477-a0cd-9c9505e09270.jpg,camera_data/images/img_1107367.jpg,1,Abnormal
1107373,https://tools.alertcalifornia.org/sanitized-datasets/3d680fbe-207b-4228-9e92-bfe2f811e82b/e3a0c7cd-8b9d-4548-a0b5-9b0cf1fe944b.jpg,camera_data/images/img_1107373.jpg,1,Abnormal
1107376,https://tools.alertcalifornia.org/sanitized-datasets/3d680fbe-207b-4228-9e92-bfe2f811e82b/9567ccdf-3945-48b7-8174-ad08bf39b465.jpg,camera_data/images/img_1107376.jpg,1,Abnormal
1107423,https://tools.alertcalifornia.org/sanitized-datasets/3d680fbe-207b-4228-9e92-bfe2f811e82b/bafeb5e3-3370-4eb0-b30a-708e04a8539c.jpg,camera_data/images/img_1107423.jpg,0,Normal
1107437,https://tools.alertcalifornia.org/sanitized-datasets/3d680fbe-207b-4228-9e92-bfe2f811e82b/ffd51729-c4c3-4779-8a6e-7e8521d34f3e.jpg,camera_data/images/img_1107437.jpg,0,Normal
1107476,https://tools.alertcalifornia.org/sanitized-datasets/3d680fbe-207b-4228-9e92-bfe2f811e82b/7dbe9d11-bf90-494b-a498-a9165f38f477.jpg,camera_data/images/img_1107476.jpg,1,Abnormal
1107513,https://tools.alertcalifornia.org/sanitized-datasets/3d680fbe-207b-4228-9e92-bfe2f811e82b/a75444eb-fd1e-4b46-ba09-e681c92667c7.jpg,camera_data/images/img_1107513.jpg,0,Normal
1107527,https://tools.alertcalifornia.org/sanitized-datasets/3d680fbe-207b-4228-9e92-bfe2f811e82b/ac36673a-a33b-49bd-af10-05bd197609c9.jpg,camera_data/images/img_1107527.jpg,1,Abnormal
1107549,https://tools.alertcalifornia.org/sanitized-datasets/3d680fbe-207b-4228-9e92-bfe2f811e82b/4eea51d9-5fde-42b1-8495-93819e36b952.jpg,camera_data/images/img_1107549.jpg,1,Abnormal
1107571,https://tools.alertcalifornia.org/sanitized-datasets/3d680fbe-207b-4228-9e92-bfe2f811e82b/774d1d1b-b176-4c93-9509-37eefad5b273.jpg,camera_data/images/img_1107571.jpg,1,Abnormal

1107589,https://tools.alertcalifornia.org/sanitized-datasets/3d680fbe-207b-4228-9e92-bfe2f811e82b/1004da08-ba7e-401c-a1b4-25b2334c98a9.jpg,camera_data/images/img_1107589.jpg,1,Abnormal
1107644,https://tools.alertcalifornia.org/sanitized-datasets/3d680fbe-207b-4228-9e92-bfe2f811e82b/dede75f2-8c32-46e7-8a5a-bc7f3c601e53.jpg,camera_data/images/img_1107644.jpg,1,Abnormal
1107645,https://tools.alertcalifornia.org/sanitized-datasets/3d680fbe-207b-4228-9e92-bfe2f811e82b/4d0b36c1-ad1e-42c9-9586-6dd467b38659.jpg,camera_data/images/img_1107645.jpg,1,Abnormal
1107708,https://tools.alertcalifornia.org/sanitized-datasets/3d680fbe-207b-4228-9e92-bfe2f811e82b/a60d9cf1-939f-435c-95b4-7b89c2f078f2.jpg,camera_data/images/img_1107708.jpg,0,Normal
1107712,https://tools.alertcalifornia.org/sanitized-datasets/3d680fbe-207b-4228-9e92-bfe2f811e82b/f699f47d-0cc2-46b3-8c39-ac076c1954e3.jpg,camera_data/images/img_1107712.jpg,0,Normal
1107758,https://tools.alertcalifornia.org/sanitized-datasets/3d680fbe-207b-4228-9e92-bfe2f811e82b/f8897934-5b49-4382-9139-eb8e44ef8ce1.jpg,camera_data/images/img_1107758.jpg,1,Abnormal
1107765,https://tools.alertcalifornia.org/sanitized-datasets/3d680fbe-207b-4228-9e92-bfe2f811e82b/5932c450-17a8-4bda-8cb9-ef3eb6bb8ad4.jpg,camera_data/images/img_1107765.jpg,1,Abnormal
1107818,https://tools.alertcalifornia.org/sanitized-datasets/3d680fbe-207b-4228-9e92-bfe2f811e82b/bf74acbc-3999-4216-bc24-508f3eb5dd9e.jpg,camera_data/images/img_1107818.jpg,0,Normal
1107838,https://tools.alertcalifornia.org/sanitized-datasets/3d680fbe-207b-4228-9e92-bfe2f811e82b/d0785775-8f79-461f-a7ac-14031eef41ec.jpg,camera_data/images/img_1107838.jpg,0,Normal
1107859,https://tools.alertcalifornia.org/sanitized-datasets/3d680fbe-207b-4228-9e92-bfe2f811e82b/54c4ad7a-576e-490a-9be4-0e7e480d0546.jpg,camera_data/images/img_1107859.jpg,1,Abnormal
1107862,https://tools.alertcalifornia.org/sanitized-datasets/3d680fbe-207b-4228-9e92-bfe2f811e82b/e78ff037-ae89-4771-aa81-06a81590ba3f.jpg,camera_data/images/img_1107862.jpg,0,Normal
1108001,https://tools.alertcalifornia.org/sanitized-datasets/3d680fbe-207b-4228-9e92-bfe2f811e82b/f086cd0b-c0b8-42e4-ae9c-cc06ff52c724.jpg,camera_data/images/img_1108001.jpg,1,Abnormal
1108027,https://tools.alertcalifornia.org/sanitized-datasets/3d680fbe-207b-4228-9e92-bfe2f811e82b/9ae546f8-bf4c-458f-9696-e843ad43c023.jpg,camera_data/images/img_1108027.jpg,0,Normal
1108038,https://tools.alertcalifornia.org/sanitized-datasets/3d680fbe-207b-4228-9e92-bfe2f811e82b/9ee2f7ab-d704-4474-97fd-07d91f17d17d.jpg,camera_data/images/img_1108038.jpg,1,Abnormal
1108039,https://tools.alertcalifornia.org/sanitized-datasets/3d680fbe-207b-4228-9e92-bfe2f811e82b/ac7688d5-ddbb-4737-8dfb-4f6880cb268d.jpg,camera_data/images/img_1108039.jpg,0,Normal
1108107,https://tools.alertcalifornia.org/sanitized-datasets/3d680fbe-207b-4228-9e92-bfe2f811e82b/1ebe926d-691d-4b7e-a3b2-738e23caae56.jpg,camera_data/images/img_1108107.jpg,1,Abnormal
1108114,https://tools.alertcalifornia.org/sanitized-datasets/3d680fbe-207b-4228-9e92-bfe2f811e82b/2663103c-2a53-4fea-bf28-79f2a444b13b.jpg,camera_data/images/img_1108114.jpg,1,Abnormal
1108143,https://tools.alertcalifornia.org/sanitized-datasets/3d680fbe-207b-4228-9e92-bfe2f811e82b/602720f4-72b2-47be-a4d9-e7f5a757a874.jpg,camera_data/images/img_1108143.jpg,1,Abnormal
1108182,https://tools.alertcalifornia.org/sanitized-datasets/3d680fbe-207b-4228-9e92-bfe2f811e82b/807617bd-d185-445b-aad8-93cfdd05cef6.jpg,camera_data/images/img_1108182.jpg,1,Abnormal
1108215,https://tools.alertcalifornia.org/sanitized-datasets/3d680fbe-207b-4228-9e92-bfe2f811e82b/ba9d570d-5237-4b94-9171-7be55640a739.jpg,camera_data/images/img_1108215.jpg,0,Normal
1108250,https://tools.alertcalifornia.org/sanitized-datasets/3d680fbe-207b-4228-9e92-bfe2f811e82b/30dbefe9-4756-436e-aaa6-b8ccb7459654.jpg,camera_data/images/img_1108250.jpg,1,Abnormal
1108267,https://tools.alertcalifornia.org/sanitized-datasets/3d680fbe-207b-4228-9e92-bfe2f811e82b/33eb2635-59aa-4dd5-a70a-e6b6816170df.jpg,camera_data/images/img_1108267.jpg,0,Normal
1108290,https://tools.alertcalifornia.org/sanitized-datasets/3d680fbe-207b-4228-9e92-bfe2f811e82b/5a6baefb-b95c-457f-9aec-16a542cfc665.jpg,camera_data/images/img_1108290.jpg,1,Abnormal
1108296,https://tools.alertcalifornia.org/sanitized-datasets/3d680fbe-207b-4228-9e92-bfe2f811e82b/41115a84-cf2e-4c08-867c-765261eeec19.jpg,camera_data/images/img_1108296.jpg,1,Abnormal
1108336,https://tools.alertcalifornia.org/sanitized-datasets/3d680fbe-207b-4228-9e92-bfe2f811e82b/7c66139f-733e-4b75-a17c-443b5c820b1f.jpg,camera_data/images/img_1108336.jpg,0,Normal
1108408,https://tools.alertcalifornia.org/sanitized-datasets/3d680fbe-207b-4228-9e92-bfe2f811e82b/37b598b8-1a2c-4008-8fab-7c9ad6885dbc.jpg,camera_data/images/img_1108408.jpg,0,Normal
1108487,https://tools.alertcalifornia.org/sanitized-datasets/3d680fbe-207b-4228-9e92-bfe2f811e82b/58e3216a-94b0-4f37-a74e-3d84e1c6188b.jpg,camera_data/images/img_1108487.jpg,1,Abnormal
1108500,https://tools.alertcalifornia.org/sanitized-datasets/3d680fbe-207b-4228-9e92-bfe2f811e82b/65821275-5121-4bd1-aa20-03e4bba08e6d.jpg,camera_data/images/img_1108500.jpg,1,Abnormal
1108530,https://tools.alertcalifornia.org/sanitized-datasets/3d680fbe-207b-4228-9e92-bfe2f811e82b/a85b4eae-eebe-4bc7-b9f0-d20471f34846.jpg,camera_data/images/img_1108530.jpg,0,Normal
1108593,https://tools.alertcalifornia.org/sanitized-datasets/3d680fbe-207b-4228-9e92-bfe2f811e82b/a05d2efb-4ebe-43dc-8893-082825aa0e22.jpg,camera_data/images/img_1108593.jpg,1,Abnormal
1108612,https://tools.alertcalifornia.org/sanitized-datasets/3d680fbe-207b-4228-9e92-bfe2f811e82b/defdaac4-a738-4164-8162-5fec68e67451.jpg,camera_data/images/img_1108612.jpg,1,Abnormal
1108617,https://tools.alertcalifornia.org/sanitized-datasets/3d680fbe-207b-4228-9e92-bfe2f811e82b/35b602cf-e418-4b94-a90a-d0258a87371f.jpg,camera_data/images/img_1108617.jpg,0,Normal

1108654,https://tools.alertcalifornia.org/sanitized-datasets/3d680fbe-207b-4228-9e92-bfe2f811e82b/ee662159-c54a-48b3-9688-21325ed2bafb.jpg,camera_data/images/img_1108654.jpg,1,Abnormal
1108708,https://tools.alertcalifornia.org/sanitized-datasets/3d680fbe-207b-4228-9e92-bfe2f811e82b/36650f53-03b5-419d-90f6-9183509f391b.jpg,camera_data/images/img_1108708.jpg,1,Abnormal
1108720,https://tools.alertcalifornia.org/sanitized-datasets/3d680fbe-207b-4228-9e92-bfe2f811e82b/07699077-4a09-4cd3-afc3-bb81e7de09a3.jpg,camera_data/images/img_1108720.jpg,0,Normal
1108737,https://tools.alertcalifornia.org/sanitized-datasets/3d680fbe-207b-4228-9e92-bfe2f811e82b/347eba60-bf17-4104-9150-2ccb161496ff.jpg,camera_data/images/img_1108737.jpg,0,Normal
1108758,https://tools.alertcalifornia.org/sanitized-datasets/3d680fbe-207b-4228-9e92-bfe2f811e82b/c5c5643a-9f82-4fcf-9d64-4c44ae576849.jpg,camera_data/images/img_1108758.jpg,0,Normal
1108811,https://tools.alertcalifornia.org/sanitized-datasets/3d680fbe-207b-4228-9e92-bfe2f811e82b/8329f1cb-8841-42c9-9e84-4df0034fd588.jpg,camera_data/images/img_1108811.jpg,0,Normal
1108840,https://tools.alertcalifornia.org/sanitized-datasets/3d680fbe-207b-4228-9e92-bfe2f811e82b/6c840a65-015c-4318-ac96-821913ce3a3a.jpg,camera_data/images/img_1108840.jpg,0,Normal
1108909,https://tools.alertcalifornia.org/sanitized-datasets/3d680fbe-207b-4228-9e92-bfe2f811e82b/1a389636-5558-4722-9115-0dd00e6a0d25.jpg,camera_data/images/img_1108909.jpg,0,Normal
1109034,https://tools.alertcalifornia.org/sanitized-datasets/3d680fbe-207b-4228-9e92-bfe2f811e82b/993f33de-b7fb-4018-b694-bc7d712b82c3.jpg,camera_data/images/img_1109034.jpg,0,Normal
1109112,https://tools.alertcalifornia.org/sanitized-datasets/3d680fbe-207b-4228-9e92-bfe2f811e82b/d853a9aa-f3c2-4072-a40d-8ebd5e6d4a17.jpg,camera_data/images/img_1109112.jpg,0,Normal
1109189,https://tools.alertcalifornia.org/sanitized-datasets/3d680fbe-207b-4228-9e92-bfe2f811e82b/c65498b9-5bd1-4873-9bca-b91277bda25a.jpg,camera_data/images/img_1109189.jpg,1,Abnormal
1109356,https://tools.alertcalifornia.org/sanitized-datasets/3d680fbe-207b-4228-9e92-bfe2f811e82b/34aad950-2c22-40ea-8d74-dab5606a9b36.jpg,camera_data/images/img_1109356.jpg,0,Normal
1109388,https://tools.alertcalifornia.org/sanitized-datasets/3d680fbe-207b-4228-9e92-bfe2f811e82b/ad4b2dcd-f3d0-42a9-8376-0e002e7747cb.jpg,camera_data/images/img_1109388.jpg,1,Abnormal
1109414,https://tools.alertcalifornia.org/sanitized-datasets/3d680fbe-207b-4228-9e92-bfe2f811e82b/27d84bf3-cae6-4e3e-81c5-0982f1472552.jpg,camera_data/images/img_1109414.jpg,0,Normal
1109430,https://tools.alertcalifornia.org/sanitized-datasets/3d680fbe-207b-4228-9e92-bfe2f811e82b/2c9160c9-3160-4d09-851a-60a94ce56026.jpg,camera_data/images/img_1109430.jpg,1,Abnormal
1109442,https://tools.alertcalifornia.org/sanitized-datasets/3d680fbe-207b-4228-9e92-bfe2f811e82b/eca5310e-1363-4cac-98d9-4882870c76ae.jpg,camera_data/images/img_1109442.jpg,0,Normal
1109449,https://tools.alertcalifornia.org/sanitized-datasets/3d680fbe-207b-4228-9e92-bfe2f811e82b/c4974d1b-485c-41e7-b9b8-773971e99953.jpg,camera_data/images/img_1109449.jpg,0,Normal
1109470,https://tools.alertcalifornia.org/sanitized-datasets/3d680fbe-207b-4228-9e92-bfe2f811e82b/8f24750d-3755-4266-86ab-470859dbd43f.jpg,camera_data/images/img_1109470.jpg,0,Normal
1109480,https://tools.alertcalifornia.org/sanitized-datasets/3d680fbe-207b-4228-9e92-bfe2f811e82b/36b0af25-3e99-4479-81a6-a599b80b67b1.jpg,camera_data/images/img_1109480.jpg,1,Abnormal
1109486,https://tools.alertcalifornia.org/sanitized-datasets/3d680fbe-207b-4228-9e92-bfe2f811e82b/c70bcb55-10ba-4736-a594-d6ea8489825a.jpg,camera_data/images/img_1109486.jpg,1,Abnormal
1109534,https://tools.alertcalifornia.org/sanitized-datasets/3d680fbe-207b-4228-9e92-bfe2f811e82b/4acd85ef-18ac-4f1d-b789-0278246e807f.jpg,camera_data/images/img_1109534.jpg,0,Normal
1109540,https://tools.alertcalifornia.org/sanitized-datasets/3d680fbe-207b-4228-9e92-bfe2f811e82b/6cb4b27e-c4d8-4f96-a839-dfbdf4b7bc68.jpg,camera_data/images/img_1109540.jpg,0,Normal
1109600,https://tools.alertcalifornia.org/sanitized-datasets/3d680fbe-207b-4228-9e92-bfe2f811e82b/b0d312e6-79a3-44c2-9c1f-363210c28571.jpg,camera_data/images/img_1109600.jpg,0,Normal
1109609,https://tools.alertcalifornia.org/sanitized-datasets/3d680fbe-207b-4228-9e92-bfe2f811e82b/1d2cb33d-c75d-4f48-94ba-a2e0d6b46019.jpg,camera_data/images/img_1109609.jpg,0,Normal
1109627,https://tools.alertcalifornia.org/sanitized-datasets/3d680fbe-207b-4228-9e92-bfe2f811e82b/3b4d31b7-4b00-49f0-8d43-f93ce1263c13.jpg,camera_data/images/img_1109627.jpg,0,Normal
1109645,https://tools.alertcalifornia.org/sanitized-datasets/3d680fbe-207b-4228-9e92-bfe2f811e82b/19fd3ea1-9f57-4289-8cbe-d7faaa6614da.jpg,camera_data/images/img_1109645.jpg,1,Abnormal
1109752,https://tools.alertcalifornia.org/sanitized-datasets/3d680fbe-207b-4228-9e92-bfe2f811e82b/88d587fe-210c-46bc-9be4-db71e3570489.jpg,camera_data/images/img_1109752.jpg,1,Abnormal
1109767,https://tools.alertcalifornia.org/sanitized-datasets/3d680fbe-207b-4228-9e92-bfe2f811e82b/e62fa0aa-d5ad-427f-8089-d9ffc08f8ce7.jpg,camera_data/images/img_1109767.jpg,0,Normal
1109860,https://tools.alertcalifornia.org/sanitized-datasets/3d680fbe-207b-4228-9e92-bfe2f811e82b/22ecf596-8c6d-4e4f-ac9e-ca7a256f652e.jpg,camera_data/images/img_1109860.jpg,0,Normal
1109902,https://tools.alertcalifornia.org/sanitized-datasets/3d680fbe-207b-4228-9e92-bfe2f811e82b/078373ec-3bdf-42d8-a7b3-ba0c6d9b4a94.jpg,camera_data/images/img_1109902.jpg,1,Abnormal
1109953,https://tools.alertcalifornia.org/sanitized-datasets/3d680fbe-207b-4228-9e92-bfe2f811e82b/1af4945c-42ec-4c49-a562-4d89c7667927.jpg,camera_data/images/img_1109953.jpg,0,Normal
1109954,https://tools.alertcalifornia.org/sanitized-datasets/3d680fbe-207b-4228-9e92-bfe2f811e82b/8d7a517f-adc0-45f4-9560-07b91753724e.jpg,camera_data/images/img_1109954.jpg,0,Normal

1109986,https://tools.alertcalifornia.org/sanitized-datasets/3d680fbe-207b-4228-9e92-bfe2f811e82b/e14cc9ad-c2ea-4b7d-ba70-c9ebc242d192.jpg,camera_data/images/img_1109986.jpg,0,Normal
1110035,https://tools.alertcalifornia.org/sanitized-datasets/3d680fbe-207b-4228-9e92-bfe2f811e82b/c5e5d863-f99e-44a4-a904-3ccf43bb1b6c.jpg,camera_data/images/img_1110035.jpg,1,Abnormal
1110146,https://tools.alertcalifornia.org/sanitized-datasets/3d680fbe-207b-4228-9e92-bfe2f811e82b/85140825-ddde-4d4e-8e8f-2af0810b3cf8.jpg,camera_data/images/img_1110146.jpg,1,Abnormal
1110225,https://tools.alertcalifornia.org/sanitized-datasets/3d680fbe-207b-4228-9e92-bfe2f811e82b/de49618a-e805-4f6e-94d7-020d965c2205.jpg,camera_data/images/img_1110225.jpg,1,Abnormal
1110247,https://tools.alertcalifornia.org/sanitized-datasets/3d680fbe-207b-4228-9e92-bfe2f811e82b/e9f6d073-8f06-4145-9582-c75067699550.jpg,camera_data/images/img_1110247.jpg,0,Normal
1110289,https://tools.alertcalifornia.org/sanitized-datasets/3d680fbe-207b-4228-9e92-bfe2f811e82b/ea6977e4-bd10-463f-bcaf-afbd5e9c777a.jpg,camera_data/images/img_1110289.jpg,0,Normal
1110292,https://tools.alertcalifornia.org/sanitized-datasets/3d680fbe-207b-4228-9e92-bfe2f811e82b/1e1253e5-5601-43a1-8023-a5552585666d.jpg,camera_data/images/img_1110292.jpg,1,Abnormal
1110297,https://tools.alertcalifornia.org/sanitized-datasets/3d680fbe-207b-4228-9e92-bfe2f811e82b/a3843b6b-5cbe-49c0-a207-969674883e6a.jpg,camera_data/images/img_1110297.jpg,1,Abnormal
1110309,https://tools.alertcalifornia.org/sanitized-datasets/3d680fbe-207b-4228-9e92-bfe2f811e82b/7d0556e9-4d4b-4d80-8204-37cd2731616f.jpg,camera_data/images/img_1110309.jpg,0,Normal
1110342,https://tools.alertcalifornia.org/sanitized-datasets/3d680fbe-207b-4228-9e92-bfe2f811e82b/1a168491-23e2-45f5-b8fd-edbbf1e09f78.jpg,camera_data/images/img_1110342.jpg,1,Abnormal
1110359,https://tools.alertcalifornia.org/sanitized-datasets/3d680fbe-207b-4228-9e92-bfe2f811e82b/ba393fca-eb80-4179-aa5d-094e5f591596.jpg,camera_data/images/img_1110359.jpg,1,Abnormal
1110410,https://tools.alertcalifornia.org/sanitized-datasets/3d680fbe-207b-4228-9e92-bfe2f811e82b/e44c77da-767c-41d4-a35c-b149a14525bd.jpg,camera_data/images/img_1110410.jpg,1,Abnormal
1110454,https://tools.alertcalifornia.org/sanitized-datasets/3d680fbe-207b-4228-9e92-bfe2f811e82b/8017f6cd-3e00-4a6c-bca6-69053cd74dbb.jpg,camera_data/images/img_1110454.jpg,1,Abnormal
1110480,https://tools.alertcalifornia.org/sanitized-datasets/3d680fbe-207b-4228-9e92-bfe2f811e82b/95a5eab0-a0c5-4a1d-9a85-ac0ff6886ed1.jpg,camera_data/images/img_1110480.jpg,1,Abnormal
1110525,https://tools.alertcalifornia.org/sanitized-datasets/3d680fbe-207b-4228-9e92-bfe2f811e82b/8952a426-5e96-4baf-bb92-6a3879d2282d.jpg,camera_data/images/img_1110525.jpg,0,Normal
1110582,https://tools.alertcalifornia.org/sanitized-datasets/3d680fbe-207b-4228-9e92-bfe2f811e82b/3acbd36c-c455-4a74-9d7b-471ca55170e7.jpg,camera_data/images/img_1110582.jpg,1,Abnormal
1110585,https://tools.alertcalifornia.org/sanitized-datasets/3d680fbe-207b-4228-9e92-bfe2f811e82b/a4ab7753-ffe8-4040-b0fd-1b368fd7943d.jpg,camera_data/images/img_1110585.jpg,0,Normal
1110619,https://tools.alertcalifornia.org/sanitized-datasets/3d680fbe-207b-4228-9e92-bfe2f811e82b/40f228ed-67d6-4dfd-9074-bd00e912edbf.jpg,camera_data/images/img_1110619.jpg,1,Abnormal
1110651,https://tools.alertcalifornia.org/sanitized-datasets/3d680fbe-207b-4228-9e92-bfe2f811e82b/1a27b208-9441-4c04-a6df-eb5f05cc854d.jpg,camera_data/images/img_1110651.jpg,1,Abnormal
1110661,https://tools.alertcalifornia.org/sanitized-datasets/3d680fbe-207b-4228-9e92-bfe2f811e82b/7f64d295-9b26-404f-b243-66bcb98df35b.jpg,camera_data/images/img_1110661.jpg,1,Abnormal
1110685,https://tools.alertcalifornia.org/sanitized-datasets/3d680fbe-207b-4228-9e92-bfe2f811e82b/43270a45-ff9a-4f0c-ae03-2131ae32b457.jpg,camera_data/images/img_1110685.jpg,0,Normal
1110750,https://tools.alertcalifornia.org/sanitized-datasets/3d680fbe-207b-4228-9e92-bfe2f811e82b/ecf075e1-bc27-48bc-a5cd-969a9d508b77.jpg,camera_data/images/img_1110750.jpg,0,Normal
1110795,https://tools.alertcalifornia.org/sanitized-datasets/3d680fbe-207b-4228-9e92-bfe2f811e82b/3fe296ee-129c-4f51-80cc-8f6ba6e3387b.jpg,camera_data/images/img_1110795.jpg,0,Normal
1118239,https://tools.alertcalifornia.org/sanitized-datasets/3d680fbe-207b-4228-9e92-bfe2f811e82b/0e8d62d3-ee43-4043-8a19-956025f12ecb.jpg,camera_data/images/img_1118239.jpg,0,Normal
1118248,https://tools.alertcalifornia.org/sanitized-datasets/3d680fbe-207b-4228-9e92-bfe2f811e82b/3a1ea152-3af6-4101-92f5-5adff2096144.jpg,camera_data/images/img_1118248.jpg,0,Normal
1118249,https://tools.alertcalifornia.org/sanitized-datasets/3d680fbe-207b-4228-9e92-bfe2f811e82b/e74533a4-fbfb-478a-88f2-1e6b27572efe.jpg,camera_data/images/img_1118249.jpg,0,Normal
1118259,https://tools.alertcalifornia.org/sanitized-datasets/3d680fbe-207b-4228-9e92-bfe2f811e82b/3c949aa1-d12b-46d8-8926-43d0aacaa81b.jpg,camera_data/images/img_1118259.jpg,0,Normal
1118265,https://tools.alertcalifornia.org/sanitized-datasets/3d680fbe-207b-4228-9e92-bfe2f811e82b/a8b4f82a-453e-41fc-9827-40e0e05ec5a4.jpg,camera_data/images/img_1118265.jpg,0,Normal
1118280,https://tools.alertcalifornia.org/sanitized-datasets/3d680fbe-207b-4228-9e92-bfe2f811e82b/62cfd1e4-ba81-49a5-9a04-d9fdcb5d67c8.jpg,camera_data/images/img_1118280.jpg,0,Normal
1118286,https://tools.alertcalifornia.org/sanitized-datasets/3d680fbe-207b-4228-9e92-bfe2f811e82b/2a03407d-8304-48f6-9bc1-d220e3d7ae13.jpg,camera_data/images/img_1118286.jpg,0,Normal
1118287,https://tools.alertcalifornia.org/sanitized-datasets/3d680fbe-207b-4228-9e92-bfe2f811e82b/39fcba87-b3ff-4e8a-be15-8646e9e0abf3.jpg,camera_data/images/img_1118287.jpg,0,Normal
1118345,https://tools.alertcalifornia.org/sanitized-datasets/3d680fbe-207b-4228-9e92-bfe2f811e82b/73977779-fbfc-4ea2-afe5-b4e28d387dea.jpg,camera_data/images/img_1118345.jpg,0,Normal

1118365,https://tools.alertcalifornia.org/sanitized-datasets/3d680fbe-207b-4228-9e92-bfe2f811e82b/eb19ee67-dcbe-4e32-aeb2-9f68fedf45fe.jpg,camera_data/images/img_1118365.jpg,0,Normal
1118381,https://tools.alertcalifornia.org/sanitized-datasets/3d680fbe-207b-4228-9e92-bfe2f811e82b/5dc246f2-e172-49b9-bebe-0c3e365fe1c5.jpg,camera_data/images/img_1118381.jpg,0,Normal
1118411,https://tools.alertcalifornia.org/sanitized-datasets/3d680fbe-207b-4228-9e92-bfe2f811e82b/039450c4-3d5c-4872-be6c-48daf4bdf51e.jpg,camera_data/images/img_1118411.jpg,0,Normal
1118417,https://tools.alertcalifornia.org/sanitized-datasets/3d680fbe-207b-4228-9e92-bfe2f811e82b/149c3e0d-b05c-4ffa-bd79-f5e766a25710.jpg,camera_data/images/img_1118417.jpg,0,Normal
1118442,https://tools.alertcalifornia.org/sanitized-datasets/3d680fbe-207b-4228-9e92-bfe2f811e82b/ab444b2e-98f1-46f7-95d7-6ba1125fc403.jpg,camera_data/images/img_1118442.jpg,0,Normal
1118489,https://tools.alertcalifornia.org/sanitized-datasets/3d680fbe-207b-4228-9e92-bfe2f811e82b/da1a314c-f73b-4227-9325-140cca7adcca.jpg,camera_data/images/img_1118489.jpg,0,Normal
1118517,https://tools.alertcalifornia.org/sanitized-datasets/3d680fbe-207b-4228-9e92-bfe2f811e82b/108ed586-3a22-4f30-9364-1455fd5d4ce7.jpg,camera_data/images/img_1118517.jpg,0,Normal
1118539,https://tools.alertcalifornia.org/sanitized-datasets/3d680fbe-207b-4228-9e92-bfe2f811e82b/5a50f75f-85ab-4bd9-92fa-9419c64a73d3.jpg,camera_data/images/img_1118539.jpg,0,Normal
1118583,https://tools.alertcalifornia.org/sanitized-datasets/3d680fbe-207b-4228-9e92-bfe2f811e82b/9dc1637d-f18f-45eb-8364-04f8ff96bcf2.jpg,camera_data/images/img_1118583.jpg,0,Normal
1118593,https://tools.alertcalifornia.org/sanitized-datasets/3d680fbe-207b-4228-9e92-bfe2f811e82b/2e95c855-6201-4a9b-9914-abd4ea701562.jpg,camera_data/images/img_1118593.jpg,0,Normal
1118624,https://tools.alertcalifornia.org/sanitized-datasets/3d680fbe-207b-4228-9e92-bfe2f811e82b/5650bea0-6fc0-44d9-9652-bf923e8b5996.jpg,camera_data/images/img_1118624.jpg,0,Normal
1118638,https://tools.alertcalifornia.org/sanitized-datasets/3d680fbe-207b-4228-9e92-bfe2f811e82b/29fa0b17-cba8-45eb-ba8b-546377decaec.jpg,camera_data/images/img_1118638.jpg,1,Abnormal
1118666,https://tools.alertcalifornia.org/sanitized-datasets/3d680fbe-207b-4228-9e92-bfe2f811e82b/316c1508-42c8-4a6c-9833-ce7785b002c2.jpg,camera_data/images/img_1118666.jpg,0,Normal
1118667,https://tools.alertcalifornia.org/sanitized-datasets/3d680fbe-207b-4228-9e92-bfe2f811e82b/cc6ef59b-b218-46dd-a9d1-1b597cc4893a.jpg,camera_data/images/img_1118667.jpg,0,Normal
1118695,https://tools.alertcalifornia.org/sanitized-datasets/3d680fbe-207b-4228-9e92-bfe2f811e82b/0b480538-fa25-4a2f-9102-04bf96fc861d.jpg,camera_data/images/img_1118695.jpg,0,Normal
1118710,https://tools.alertcalifornia.org/sanitized-datasets/3d680fbe-207b-4228-9e92-bfe2f811e82b/ffd65ca4-bbc1-4c7a-99cf-c39d2f02022d.jpg,camera_data/images/img_1118710.jpg,0,Normal
1118729,https://tools.alertcalifornia.org/sanitized-datasets/3d680fbe-207b-4228-9e92-bfe2f811e82b/f8385b01-31b0-491b-bcf6-b5144ee99338.jpg,camera_data/images/img_1118729.jpg,1,Abnormal
1118771,https://tools.alertcalifornia.org/sanitized-datasets/3d680fbe-207b-4228-9e92-bfe2f811e82b/5dedc4e1-04f3-45eb-8b05-da4dc77ec8ed.jpg,camera_data/images/img_1118771.jpg,0,Normal
1118803,https://tools.alertcalifornia.org/sanitized-datasets/3d680fbe-207b-4228-9e92-bfe2f811e82b/d6f43ba3-2dad-49da-a2da-6c6627ac4ae7.jpg,camera_data/images/img_1118803.jpg,1,Abnormal
1118816,https://tools.alertcalifornia.org/sanitized-datasets/3d680fbe-207b-4228-9e92-bfe2f811e82b/f9bae33e-79bb-4631-8581-2ed1c1deb0df.jpg,camera_data/images/img_1118816.jpg,1,Abnormal
1118827,https://tools.alertcalifornia.org/sanitized-datasets/3d680fbe-207b-4228-9e92-bfe2f811e82b/7f4541aa-2858-4e42-9beb-32d0d9e5f170.jpg,camera_data/images/img_1118827.jpg,1,Abnormal
1118844,https://tools.alertcalifornia.org/sanitized-datasets/3d680fbe-207b-4228-9e92-bfe2f811e82b/efb4be6a-3c93-4b22-9de5-10d0b4279e4e.jpg,camera_data/images/img_1118844.jpg,0,Normal
1118879,https://tools.alertcalifornia.org/sanitized-datasets/3d680fbe-207b-4228-9e92-bfe2f811e82b/27ce4732-1c20-4d8c-ada8-44c910dc4bc5.jpg,camera_data/images/img_1118879.jpg,0,Normal
1118924,https://tools.alertcalifornia.org/sanitized-datasets/3d680fbe-207b-4228-9e92-bfe2f811e82b/1d256f46-0759-4dc7-9575-2036b7444665.jpg,camera_data/images/img_1118924.jpg,0,Normal
1118958,https://tools.alertcalifornia.org/sanitized-datasets/3d680fbe-207b-4228-9e92-bfe2f811e82b/94972a3a-e566-4109-94c9-79d46ff72ea0.jpg,camera_data/images/img_1118958.jpg,1,Abnormal
1118965,https://tools.alertcalifornia.org/sanitized-datasets/3d680fbe-207b-4228-9e92-bfe2f811e82b/9a37011e-b2f0-48ce-aa15-9b2e7d691699.jpg,camera_data/images/img_1118965.jpg,1,Abnormal
1119003,https://tools.alertcalifornia.org/sanitized-datasets/3d680fbe-207b-4228-9e92-bfe2f811e82b/37a781ea-24f2-4c39-8107-fc223aff96c8.jpg,camera_data/images/img_1119003.jpg,0,Normal
1119080,https://tools.alertcalifornia.org/sanitized-datasets/3d680fbe-207b-4228-9e92-bfe2f811e82b/f62a262c-cc92-4cee-b60f-7487e2932c48.jpg,camera_data/images/img_1119080.jpg,0,Normal
1119156,https://tools.alertcalifornia.org/sanitized-datasets/3d680fbe-207b-4228-9e92-bfe2f811e82b/7219a462-aba4-4c42-8718-627654d48015.jpg,camera_data/images/img_1119156.jpg,0,Normal
1119209,https://tools.alertcalifornia.org/sanitized-datasets/3d680fbe-207b-4228-9e92-bfe2f811e82b/9eb52de0-5b2f-4c87-a0d6-3d464a8068b5.jpg,camera_data/images/img_1119209.jpg,1,Abnormal
1119225,https://tools.alertcalifornia.org/sanitized-datasets/3d680fbe-207b-4228-9e92-bfe2f811e82b/a110583f-5824-4be1-aa5d-294558ff6ce0.jpg,camera_data/images/img_1119225.jpg,1,Abnormal
1119266,https://tools.alertcalifornia.org/sanitized-datasets/3d680fbe-207b-4228-9e92-bfe2f811e82b/74034dce-377e-496a-8a55-0f7a7f0a9f1b.jpg,camera_data/images/img_1119266.jpg,0,Normal

1119273,https://tools.alertcalifornia.org/sanitized-datasets/3d680fbe-207b-4228-9e92-bfe2f811e82b/3e0bc95a-83e1-4e90-b007-d76838752171.jpg,camera_data/images/img_1119273.jpg,0,Normal
1119292,https://tools.alertcalifornia.org/sanitized-datasets/3d680fbe-207b-4228-9e92-bfe2f811e82b/78ae1e1b-7d75-41dd-a190-0e9c11442b45.jpg,camera_data/images/img_1119292.jpg,0,Normal
1119319,https://tools.alertcalifornia.org/sanitized-datasets/3d680fbe-207b-4228-9e92-bfe2f811e82b/ca7cfef0-6800-4e57-a4f5-07904ea81647.jpg,camera_data/images/img_1119319.jpg,0,Normal
1119346,https://tools.alertcalifornia.org/sanitized-datasets/3d680fbe-207b-4228-9e92-bfe2f811e82b/d69e68c7-31fa-4a9d-b92d-a80f7d90af70.jpg,camera_data/images/img_1119346.jpg,1,Abnormal
1119366,https://tools.alertcalifornia.org/sanitized-datasets/3d680fbe-207b-4228-9e92-bfe2f811e82b/c704efea-19ef-426e-9f11-fb0dc5c25fd0.jpg,camera_data/images/img_1119366.jpg,0,Normal
1119369,https://tools.alertcalifornia.org/sanitized-datasets/3d680fbe-207b-4228-9e92-bfe2f811e82b/5fe069bd-8265-48e5-b39e-9840c6098a4e.jpg,camera_data/images/img_1119369.jpg,0,Normal
1119415,https://tools.alertcalifornia.org/sanitized-datasets/3d680fbe-207b-4228-9e92-bfe2f811e82b/5a6e48d7-137b-4a8f-a36e-3cdba6e9ddcc.jpg,camera_data/images/img_1119415.jpg,1,Abnormal
1119419,https://tools.alertcalifornia.org/sanitized-datasets/3d680fbe-207b-4228-9e92-bfe2f811e82b/d3e7637a-0c31-43de-8549-6f7fed6d4acd.jpg,camera_data/images/img_1119419.jpg,0,Normal
1119421,https://tools.alertcalifornia.org/sanitized-datasets/3d680fbe-207b-4228-9e92-bfe2f811e82b/7fdcd6b5-3222-470b-bbd0-07e12502f5df.jpg,camera_data/images/img_1119421.jpg,0,Normal
1119425,https://tools.alertcalifornia.org/sanitized-datasets/3d680fbe-207b-4228-9e92-bfe2f811e82b/70b2c952-bb98-4b77-a3dd-835b2bd25ed0.jpg,camera_data/images/img_1119425.jpg,0,Normal
1119478,https://tools.alertcalifornia.org/sanitized-datasets/3d680fbe-207b-4228-9e92-bfe2f811e82b/9b9a608d-d0d2-4e94-b1ef-b197c3dafe07.jpg,camera_data/images/img_1119478.jpg,0,Normal
1119490,https://tools.alertcalifornia.org/sanitized-datasets/3d680fbe-207b-4228-9e92-bfe2f811e82b/ebd849a3-4ddb-4e9d-9a2e-1124ea815df0.jpg,camera_data/images/img_1119490.jpg,0,Normal
1119495,https://tools.alertcalifornia.org/sanitized-datasets/3d680fbe-207b-4228-9e92-bfe2f811e82b/3df857c0-598b-496a-baf8-3e3e2791a026.jpg,camera_data/images/img_1119495.jpg,0,Normal
1119565,https://tools.alertcalifornia.org/sanitized-datasets/3d680fbe-207b-4228-9e92-bfe2f811e82b/51c50c76-e289-4bb3-88ea-fbadcdc577e5.jpg,camera_data/images/img_1119565.jpg,0,Normal
1119567,https://tools.alertcalifornia.org/sanitized-datasets/3d680fbe-207b-4228-9e92-bfe2f811e82b/4a2ed7dc-5928-45e5-b043-3f2160dccdaf.jpg,camera_data/images/img_1119567.jpg,0,Normal
1119569,https://tools.alertcalifornia.org/sanitized-datasets/3d680fbe-207b-4228-9e92-bfe2f811e82b/4bec6a24-b25d-4198-ad11-3399ab265206.jpg,camera_data/images/img_1119569.jpg,0,Normal
1119586,https://tools.alertcalifornia.org/sanitized-datasets/3d680fbe-207b-4228-9e92-bfe2f811e82b/bd43df77-51bf-4a53-abf9-5e9d1e74d018.jpg,camera_data/images/img_1119586.jpg,0,Normal
1119646,https://tools.alertcalifornia.org/sanitized-datasets/3d680fbe-207b-4228-9e92-bfe2f811e82b/24b31ca2-42a6-46d1-b1c7-e26d806bb4fe.jpg,camera_data/images/img_1119646.jpg,1,Abnormal
1119652,https://tools.alertcalifornia.org/sanitized-datasets/3d680fbe-207b-4228-9e92-bfe2f811e82b/aa72fdda-6cbc-4a0b-a405-8bd1203c523e.jpg,camera_data/images/img_1119652.jpg,1,Abnormal
1119687,https://tools.alertcalifornia.org/sanitized-datasets/3d680fbe-207b-4228-9e92-bfe2f811e82b/858a54fe-1e95-4572-a5ee-e3a9a093e72a.jpg,camera_data/images/img_1119687.jpg,0,Normal
1119705,https://tools.alertcalifornia.org/sanitized-datasets/3d680fbe-207b-4228-9e92-bfe2f811e82b/26f8ff10-bffb-42f7-b063-ffe64f6c3332.jpg,camera_data/images/img_1119705.jpg,0,Normal
1119718,https://tools.alertcalifornia.org/sanitized-datasets/3d680fbe-207b-4228-9e92-bfe2f811e82b/68ff5654-fe5d-4211-bbad-a660a51c9b07.jpg,camera_data/images/img_1119718.jpg,0,Normal
1119738,https://tools.alertcalifornia.org/sanitized-datasets/3d680fbe-207b-4228-9e92-bfe2f811e82b/ff0863a9-8ef3-452d-814b-51f777c6c305.jpg,camera_data/images/img_1119738.jpg,1,Abnormal
1119755,https://tools.alertcalifornia.org/sanitized-datasets/3d680fbe-207b-4228-9e92-bfe2f811e82b/ec37aae0-efd6-4567-be23-142ca03b6969.jpg,camera_data/images/img_1119755.jpg,0,Normal
1119758,https://tools.alertcalifornia.org/sanitized-datasets/3d680fbe-207b-4228-9e92-bfe2f811e82b/f6d79140-f586-4e26-bcb9-e302b3b70d99.jpg,camera_data/images/img_1119758.jpg,0,Normal
1119799,https://tools.alertcalifornia.org/sanitized-datasets/3d680fbe-207b-4228-9e92-bfe2f811e82b/2a747153-9928-41cc-bd99-75985cf73374.jpg,camera_data/images/img_1119799.jpg,0,Normal
1119807,https://tools.alertcalifornia.org/sanitized-datasets/3d680fbe-207b-4228-9e92-bfe2f811e82b/3a68e940-c043-4951-acab-e41317ce3a41.jpg,camera_data/images/img_1119807.jpg,1,Abnormal
1119838,https://tools.alertcalifornia.org/sanitized-datasets/3d680fbe-207b-4228-9e92-bfe2f811e82b/48777544-d842-444c-bd2a-76e2464866bc.jpg,camera_data/images/img_1119838.jpg,0,Normal
1119839,https://tools.alertcalifornia.org/sanitized-datasets/3d680fbe-207b-4228-9e92-bfe2f811e82b/10563c8a-a320-4b27-a09a-4e554898b6c9.jpg,camera_data/images/img_1119839.jpg,0,Normal
1119853,https://tools.alertcalifornia.org/sanitized-datasets/3d680fbe-207b-4228-9e92-bfe2f811e82b/d0b72d31-442d-48cc-92e3-e78f7710fd62.jpg,camera_data/images/img_1119853.jpg,0,Normal
1119897,https://tools.alertcalifornia.org/sanitized-datasets/3d680fbe-207b-4228-9e92-bfe2f811e82b/7edfa066-5e1c-441e-ac55-d2646763731c.jpg,camera_data/images/img_1119897.jpg,0,Normal
1119971,https://tools.alertcalifornia.org/sanitized-datasets/3d680fbe-207b-4228-9e92-bfe2f811e82b/10e841ab-b5bc-4294-b1c7-c4f47f373985.jpg,camera_data/images/img_1119971.jpg,0,Normal

1119983,https://tools.alertcalifornia.org/sanitized-datasets/3d680fbe-207b-4228-9e92-bfe2f811e82b/d9d5e118-8d9a-4e33-8356-ace608bfcd5a.jpg,camera_data/images/img_1119983.jpg,0,Normal
1120001,https://tools.alertcalifornia.org/sanitized-datasets/3d680fbe-207b-4228-9e92-bfe2f811e82b/f8c40d53-a572-4fef-878c-854ffe393142.jpg,camera_data/images/img_1120001.jpg,0,Normal
1120072,https://tools.alertcalifornia.org/sanitized-datasets/3d680fbe-207b-4228-9e92-bfe2f811e82b/da4673d2-2fbd-49d6-a513-2a914f8042c1.jpg,camera_data/images/img_1120072.jpg,1,Abnormal
1120076,https://tools.alertcalifornia.org/sanitized-datasets/3d680fbe-207b-4228-9e92-bfe2f811e82b/c90644ba-e409-4bcc-98ed-a97b2788d104.jpg,camera_data/images/img_1120076.jpg,0,Normal
1120080,https://tools.alertcalifornia.org/sanitized-datasets/3d680fbe-207b-4228-9e92-bfe2f811e82b/53e695e8-ae1e-49d4-91b9-293bfc8ecd4f.jpg,camera_data/images/img_1120080.jpg,1,Abnormal
1120123,https://tools.alertcalifornia.org/sanitized-datasets/3d680fbe-207b-4228-9e92-bfe2f811e82b/cb1c63a6-e702-4112-9583-3e6e926ce96a.jpg,camera_data/images/img_1120123.jpg,0,Normal
1120153,https://tools.alertcalifornia.org/sanitized-datasets/3d680fbe-207b-4228-9e92-bfe2f811e82b/b3baf5e6-5856-4a7f-994d-cf9458a4c69d.jpg,camera_data/images/img_1120153.jpg,0,Normal
1120178,https://tools.alertcalifornia.org/sanitized-datasets/3d680fbe-207b-4228-9e92-bfe2f811e82b/0b6778f2-706b-41ef-98f4-31d927149039.jpg,camera_data/images/img_1120178.jpg,0,Normal
1120186,https://tools.alertcalifornia.org/sanitized-datasets/3d680fbe-207b-4228-9e92-bfe2f811e82b/70f1d83c-24b9-4c49-a5d9-6e9e7a66e1a2.jpg,camera_data/images/img_1120186.jpg,0,Normal
1120212,https://tools.alertcalifornia.org/sanitized-datasets/3d680fbe-207b-4228-9e92-bfe2f811e82b/d63545a4-66be-472f-a0ad-a982f439ea81.jpg,camera_data/images/img_1120212.jpg,0,Normal
1120253,https://tools.alertcalifornia.org/sanitized-datasets/3d680fbe-207b-4228-9e92-bfe2f811e82b/5860e6d4-a670-4601-8d86-6a14d3176744.jpg,camera_data/images/img_1120253.jpg,1,Abnormal
1120352,https://tools.alertcalifornia.org/sanitized-datasets/3d680fbe-207b-4228-9e92-bfe2f811e82b/7cbc888c-03a0-46a4-8ed4-fca99e512d46.jpg,camera_data/images/img_1120352.jpg,0,Normal
1120354,https://tools.alertcalifornia.org/sanitized-datasets/3d680fbe-207b-4228-9e92-bfe2f811e82b/152790c0-53d8-47c6-b92a-0dd6cb344a03.jpg,camera_data/images/img_1120354.jpg,0,Normal
1120374,https://tools.alertcalifornia.org/sanitized-datasets/3d680fbe-207b-4228-9e92-bfe2f811e82b/ba9816d0-6ceb-477e-a479-f64827cb8c0f.jpg,camera_data/images/img_1120374.jpg,0,Normal
1120375,https://tools.alertcalifornia.org/sanitized-datasets/3d680fbe-207b-4228-9e92-bfe2f811e82b/9b05f24c-6f5b-47d2-ac44-0a9087b79d8d.jpg,camera_data/images/img_1120375.jpg,0,Normal
1120383,https://tools.alertcalifornia.org/sanitized-datasets/3d680fbe-207b-4228-9e92-bfe2f811e82b/b41fab4a-68d1-4bb9-a839-2c19e9b7e8a9.jpg,camera_data/images/img_1120383.jpg,0,Normal
1120395,https://tools.alertcalifornia.org/sanitized-datasets/3d680fbe-207b-4228-9e92-bfe2f811e82b/7fb57ccc-3fd9-4e18-88fc-ef5fb3ad6be1.jpg,camera_data/images/img_1120395.jpg,0,Normal
1120415,https://tools.alertcalifornia.org/sanitized-datasets/3d680fbe-207b-4228-9e92-bfe2f811e82b/87384051-2d3a-4745-a54d-a994ac50c013.jpg,camera_data/images/img_1120415.jpg,0,Normal
1120426,https://tools.alertcalifornia.org/sanitized-datasets/3d680fbe-207b-4228-9e92-bfe2f811e82b/aba7fdac-2a0a-4e67-9a64-996984e39008.jpg,camera_data/images/img_1120426.jpg,0,Normal
1120453,https://tools.alertcalifornia.org/sanitized-datasets/3d680fbe-207b-4228-9e92-bfe2f811e82b/77a30edc-9d30-432c-9a69-5277fb2161ed.jpg,camera_data/images/img_1120453.jpg,0,Normal
1120485,https://tools.alertcalifornia.org/sanitized-datasets/3d680fbe-207b-4228-9e92-bfe2f811e82b/963873db-1972-4aa9-ac75-9b45b6055615.jpg,camera_data/images/img_1120485.jpg,0,Normal
1120514,https://tools.alertcalifornia.org/sanitized-datasets/3d680fbe-207b-4228-9e92-bfe2f811e82b/b679bf35-591d-463d-82bb-35462299a450.jpg,camera_data/images/img_1120514.jpg,0,Normal
1120515,https://tools.alertcalifornia.org/sanitized-datasets/3d680fbe-207b-4228-9e92-bfe2f811e82b/97db4dad-b1e1-44a6-ac81-61b29c68472d.jpg,camera_data/images/img_1120515.jpg,1,Abnormal
1120530,https://tools.alertcalifornia.org/sanitized-datasets/3d680fbe-207b-4228-9e92-bfe2f811e82b/cad362e5-fcbe-4fa8-a5da-55d477096005.jpg,camera_data/images/img_1120530.jpg,0,Normal
1120622,https://tools.alertcalifornia.org/sanitized-datasets/3d680fbe-207b-4228-9e92-bfe2f811e82b/e85b3c4c-731a-4e7e-96de-fb414cf11711.jpg,camera_data/images/img_1120622.jpg,0,Normal
1120624,https://tools.alertcalifornia.org/sanitized-datasets/3d680fbe-207b-4228-9e92-bfe2f811e82b/52001512-79c4-4a81-bf11-9a984a97dd26.jpg,camera_data/images/img_1120624.jpg,0,Normal
1120639,https://tools.alertcalifornia.org/sanitized-datasets/3d680fbe-207b-4228-9e92-bfe2f811e82b/487c1cb7-57ac-4562-bcfc-75c432f5623b.jpg,camera_data/images/img_1120639.jpg,1,Abnormal
1120643,https://tools.alertcalifornia.org/sanitized-datasets/3d680fbe-207b-4228-9e92-bfe2f811e82b/02f2e147-85af-48d0-9309-8c91a37d5f74.jpg,camera_data/images/img_1120643.jpg,0,Normal
1120669,https://tools.alertcalifornia.org/sanitized-datasets/3d680fbe-207b-4228-9e92-bfe2f811e82b/f2ee4cbe-d589-4c3d-a52c-2e82708e376b.jpg,camera_data/images/img_1120669.jpg,0,Normal
1120675,https://tools.alertcalifornia.org/sanitized-datasets/3d680fbe-207b-4228-9e92-bfe2f811e82b/c5579c6f-8c69-45ae-9f81-7fee694d6224.jpg,camera_data/images/img_1120675.jpg,0,Normal
1120714,https://tools.alertcalifornia.org/sanitized-datasets/3d680fbe-207b-4228-9e92-bfe2f811e82b/4e94fc55-6d93-4ef2-83c8-898e0170b6ec.jpg,camera_data/images/img_1120714.jpg,0,Normal
1120720,https://tools.alertcalifornia.org/sanitized-datasets/3d680fbe-207b-4228-9e92-bfe2f811e82b/a0334177-ae5d-47a9-a667-667737b9269e.jpg,camera_data/images/img_1120720.jpg,0,Normal

1120728,https://tools.alertcalifornia.org/sanitized-datasets/3d680fbe-207b-4228-9e92-bfe2f811e82b/07ab08e4-8f58-4de8-9c9a-479f0a5a8097.jpg,camera_data/images/img_1120728.jpg,0,Normal
1120747,https://tools.alertcalifornia.org/sanitized-datasets/3d680fbe-207b-4228-9e92-bfe2f811e82b/d74d7ae3-6c9e-41fe-abf1-dbb0ecbca8cb.jpg,camera_data/images/img_1120747.jpg,0,Normal
1120754,https://tools.alertcalifornia.org/sanitized-datasets/3d680fbe-207b-4228-9e92-bfe2f811e82b/7f9d317a-adff-4d30-8a22-01198d4c1008.jpg,camera_data/images/img_1120754.jpg,0,Normal
1120757,https://tools.alertcalifornia.org/sanitized-datasets/3d680fbe-207b-4228-9e92-bfe2f811e82b/4b8fbd2e-83bf-4af9-b45b-3d01ed8ed8a7.jpg,camera_data/images/img_1120757.jpg,1,Abnormal
1120852,https://tools.alertcalifornia.org/sanitized-datasets/3d680fbe-207b-4228-9e92-bfe2f811e82b/04dca555-042f-49dc-bd3f-6a869046d203.jpg,camera_data/images/img_1120852.jpg,0,Normal
1120919,https://tools.alertcalifornia.org/sanitized-datasets/3d680fbe-207b-4228-9e92-bfe2f811e82b/99780b03-6d5d-4da6-8c39-cfc48af871fe.jpg,camera_data/images/img_1120919.jpg,0,Normal
1120921,https://tools.alertcalifornia.org/sanitized-datasets/3d680fbe-207b-4228-9e92-bfe2f811e82b/58689e30-0e80-424f-b8dc-956096d56b16.jpg,camera_data/images/img_1120921.jpg,0,Normal
1120923,https://tools.alertcalifornia.org/sanitized-datasets/3d680fbe-207b-4228-9e92-bfe2f811e82b/eb247b0e-0a21-4b27-b9c1-a57ef8c6bb77.jpg,camera_data/images/img_1120923.jpg,0,Normal
1121002,https://tools.alertcalifornia.org/sanitized-datasets/3d680fbe-207b-4228-9e92-bfe2f811e82b/902e0aa6-5bbc-4e59-9607-0929a160bd00.jpg,camera_data/images/img_1121002.jpg,0,Normal
1121067,https://tools.alertcalifornia.org/sanitized-datasets/3d680fbe-207b-4228-9e92-bfe2f811e82b/289b3bd5-9cf2-4550-98a5-0e2d31f4199d.jpg,camera_data/images/img_1121067.jpg,0,Normal
1121121,https://tools.alertcalifornia.org/sanitized-datasets/3d680fbe-207b-4228-9e92-bfe2f811e82b/9531a9c9-a72c-4449-9ba9-77df5dac8a88.jpg,camera_data/images/img_1121121.jpg,0,Normal
1121144,https://tools.alertcalifornia.org/sanitized-datasets/3d680fbe-207b-4228-9e92-bfe2f811e82b/1ac2b01b-8f59-480b-8207-ab5cca50350f.jpg,camera_data/images/img_1121144.jpg,1,Abnormal
1121145,https://tools.alertcalifornia.org/sanitized-datasets/3d680fbe-207b-4228-9e92-bfe2f811e82b/92fa5bad-88e8-48da-bede-7eb9ced861f7.jpg,camera_data/images/img_1121145.jpg,1,Abnormal
1121162,https://tools.alertcalifornia.org/sanitized-datasets/3d680fbe-207b-4228-9e92-bfe2f811e82b/4d85ca6c-e49f-4dde-be4e-82d9f2f9829e.jpg,camera_data/images/img_1121162.jpg,1,Abnormal
1121174,https://tools.alertcalifornia.org/sanitized-datasets/3d680fbe-207b-4228-9e92-bfe2f811e82b/4cc75f6a-e2a1-4cd7-ad24-969aae60a275.jpg,camera_data/images/img_1121174.jpg,0,Normal
1121178,https://tools.alertcalifornia.org/sanitized-datasets/3d680fbe-207b-4228-9e92-bfe2f811e82b/511f657e-079d-41c4-a805-21680a6a93de.jpg,camera_data/images/img_1121178.jpg,0,Normal
1121192,https://tools.alertcalifornia.org/sanitized-datasets/3d680fbe-207b-4228-9e92-bfe2f811e82b/eecbb635-9722-4823-8864-2d889492f795.jpg,camera_data/images/img_1121192.jpg,0,Normal
1121208,https://tools.alertcalifornia.org/sanitized-datasets/3d680fbe-207b-4228-9e92-bfe2f811e82b/a1807386-5362-4b84-8ee6-ddb34865fbfa.jpg,camera_data/images/img_1121208.jpg,0,Normal
1121268,https://tools.alertcalifornia.org/sanitized-datasets/3d680fbe-207b-4228-9e92-bfe2f811e82b/ca92a95b-7f26-446e-8088-68ed7e8f366f.jpg,camera_data/images/img_1121268.jpg,1,Abnormal
1121270,https://tools.alertcalifornia.org/sanitized-datasets/3d680fbe-207b-4228-9e92-bfe2f811e82b/c8dc751b-a8e0-4afc-984a-164625217d31.jpg,camera_data/images/img_1121270.jpg,1,Abnormal
1121294,https://tools.alertcalifornia.org/sanitized-datasets/3d680fbe-207b-4228-9e92-bfe2f811e82b/180ee8dd-e8ee-45df-b79c-c049d796c66f.jpg,camera_data/images/img_1121294.jpg,0,Normal
1121313,https://tools.alertcalifornia.org/sanitized-datasets/3d680fbe-207b-4228-9e92-bfe2f811e82b/35837885-4066-4c71-9f33-3a04fa3555aa.jpg,camera_data/images/img_1121313.jpg,0,Normal
1121360,https://tools.alertcalifornia.org/sanitized-datasets/3d680fbe-207b-4228-9e92-bfe2f811e82b/09c0ca02-32f8-486f-85f5-cf2c4273eb2e.jpg,camera_data/images/img_1121360.jpg,1,Abnormal
1121365,https://tools.alertcalifornia.org/sanitized-datasets/3d680fbe-207b-4228-9e92-bfe2f811e82b/588c706a-aed5-4916-9280-e0f5f4fec77c.jpg,camera_data/images/img_1121365.jpg,1,Abnormal
1121409,https://tools.alertcalifornia.org/sanitized-datasets/3d680fbe-207b-4228-9e92-bfe2f811e82b/ae522bc3-56fb-4b71-951c-ccd8909140d9.jpg,camera_data/images/img_1121409.jpg,1,Abnormal
1121420,https://tools.alertcalifornia.org/sanitized-datasets/3d680fbe-207b-4228-9e92-bfe2f811e82b/a525be9c-3911-4bdc-8808-d9fe3af936e8.jpg,camera_data/images/img_1121420.jpg,0,Normal
1121443,https://tools.alertcalifornia.org/sanitized-datasets/3d680fbe-207b-4228-9e92-bfe2f811e82b/7f4cf25a-89d1-4b29-a0c5-69737c6e8b14.jpg,camera_data/images/img_1121443.jpg,0,Normal
1121481,https://tools.alertcalifornia.org/sanitized-datasets/3d680fbe-207b-4228-9e92-bfe2f811e82b/90108f60-a729-45b2-9168-c82bd515e62c.jpg,camera_data/images/img_1121481.jpg,1,Abnormal
1121574,https://tools.alertcalifornia.org/sanitized-datasets/3d680fbe-207b-4228-9e92-bfe2f811e82b/8087d312-f544-45f3-a180-05b87e3b8eb0.jpg,camera_data/images/img_1121574.jpg,1,Abnormal
1121593,https://tools.alertcalifornia.org/sanitized-datasets/3d680fbe-207b-4228-9e92-bfe2f811e82b/c480861e-7ef2-4ead-bf9c-6d8a1c3de0e9.jpg,camera_data/images/img_1121593.jpg,0,Normal
1121617,https://tools.alertcalifornia.org/sanitized-datasets/3d680fbe-207b-4228-9e92-bfe2f811e82b/8764e771-1693-496b-bd6a-7d59a33c54df.jpg,camera_data/images/img_1121617.jpg,1,Abnormal
1121706,https://tools.alertcalifornia.org/sanitized-datasets/3d680fbe-207b-4228-9e92-bfe2f811e82b/665c6075-9474-48e6-a1fa-64f5d89e9552.jpg,camera_data/images/img_1121706.jpg,0,Normal

1121813,https://tools.alertcalifornia.org/sanitized-datasets/3d680fbe-207b-4228-9e92-bfe2f811e82b/03a5bdf4-3c81-4319-9024-8498ae14727f.jpg,camera_data/images/img_1121813.jpg,0,Normal
1121829,https://tools.alertcalifornia.org/sanitized-datasets/3d680fbe-207b-4228-9e92-bfe2f811e82b/c88fc406-337f-4915-bac9-d975ea0b8c07.jpg,camera_data/images/img_1121829.jpg,0,Normal
1121869,https://tools.alertcalifornia.org/sanitized-datasets/3d680fbe-207b-4228-9e92-bfe2f811e82b/e6ab21d8-7022-4214-94ad-54eb47f37b6f.jpg,camera_data/images/img_1121869.jpg,0,Normal
1121894,https://tools.alertcalifornia.org/sanitized-datasets/3d680fbe-207b-4228-9e92-bfe2f811e82b/509a9fc9-781d-4b98-a878-a684aa9a8517.jpg,camera_data/images/img_1121894.jpg,1,Abnormal
1121928,https://tools.alertcalifornia.org/sanitized-datasets/3d680fbe-207b-4228-9e92-bfe2f811e82b/de44b9ca-5eea-4ea1-9cea-ef2a543c8ed1.jpg,camera_data/images/img_1121928.jpg,1,Abnormal
1121942,https://tools.alertcalifornia.org/sanitized-datasets/3d680fbe-207b-4228-9e92-bfe2f811e82b/318d4dc2-6b2a-4ec6-99be-0fcbdda1e9f9.jpg,camera_data/images/img_1121942.jpg,1,Abnormal
1121994,https://tools.alertcalifornia.org/sanitized-datasets/3d680fbe-207b-4228-9e92-bfe2f811e82b/96bae6cd-f11e-4a7f-8a98-f9962269214f.jpg,camera_data/images/img_1121994.jpg,0,Normal
1122179,https://tools.alertcalifornia.org/sanitized-datasets/3d680fbe-207b-4228-9e92-bfe2f811e82b/3c0c2f15-9519-4523-af85-7b99c5c42aed.jpg,camera_data/images/img_1122179.jpg,0,Normal
1122203,https://tools.alertcalifornia.org/sanitized-datasets/3d680fbe-207b-4228-9e92-bfe2f811e82b/e5e3b32b-8f85-4231-929b-0a040322c126.jpg,camera_data/images/img_1122203.jpg,0,Normal
1122259,https://tools.alertcalifornia.org/sanitized-datasets/3d680fbe-207b-4228-9e92-bfe2f811e82b/e3a8e2bc-1167-4ad6-96d3-a0d5ffbdebc5.jpg,camera_data/images/img_1122259.jpg,0,Normal
1122305,https://tools.alertcalifornia.org/sanitized-datasets/3d680fbe-207b-4228-9e92-bfe2f811e82b/582eadc3-5ff8-4b25-a136-9f3030cec76a.jpg,camera_data/images/img_1122305.jpg,0,Normal
1122324,https://tools.alertcalifornia.org/sanitized-datasets/3d680fbe-207b-4228-9e92-bfe2f811e82b/dd0f3047-0b7d-4678-b818-f13c6aa42f2b.jpg,camera_data/images/img_1122324.jpg,0,Normal
1122394,https://tools.alertcalifornia.org/sanitized-datasets/3d680fbe-207b-4228-9e92-bfe2f811e82b/13322800-8183-4c88-8500-77379dcabbf9.jpg,camera_data/images/img_1122394.jpg,1,Abnormal
1122396,https://tools.alertcalifornia.org/sanitized-datasets/3d680fbe-207b-4228-9e92-bfe2f811e82b/c217f1dd-417a-4cca-b6f5-37692f24ab9f.jpg,camera_data/images/img_1122396.jpg,0,Normal
1122422,https://tools.alertcalifornia.org/sanitized-datasets/3d680fbe-207b-4228-9e92-bfe2f811e82b/51b6db90-bccc-401f-ad3a-8858481b1881.jpg,camera_data/images/img_1122422.jpg,1,Abnormal
1122431,https://tools.alertcalifornia.org/sanitized-datasets/3d680fbe-207b-4228-9e92-bfe2f811e82b/ec745810-13ba-4acf-bbab-b39401accc02.jpg,camera_data/images/img_1122431.jpg,0,Normal
1122466,https://tools.alertcalifornia.org/sanitized-datasets/3d680fbe-207b-4228-9e92-bfe2f811e82b/cc8d0a06-29d1-4660-90d9-a35c75e90d6a.jpg,camera_data/images/img_1122466.jpg,1,Abnormal
1122475,https://tools.alertcalifornia.org/sanitized-datasets/3d680fbe-207b-4228-9e92-bfe2f811e82b/9fa22f5e-8a56-49ec-8b1e-bf4aa1beb53c.jpg,camera_data/images/img_1122475.jpg,1,Abnormal
1122662,https://tools.alertcalifornia.org/sanitized-datasets/3d680fbe-207b-4228-9e92-bfe2f811e82b/766c1c67-aab1-41da-aa43-d224bdef8c46.jpg,camera_data/images/img_1122662.jpg,0,Normal
1122675,https://tools.alertcalifornia.org/sanitized-datasets/3d680fbe-207b-4228-9e92-bfe2f811e82b/addc0d83-9e23-47d2-a881-0c4690227543.jpg,camera_data/images/img_1122675.jpg,1,Abnormal
1122696,https://tools.alertcalifornia.org/sanitized-datasets/3d680fbe-207b-4228-9e92-bfe2f811e82b/e2e6e82c-b2cb-4312-b362-241eb32f9663.jpg,camera_data/images/img_1122696.jpg,1,Abnormal
1122721,https://tools.alertcalifornia.org/sanitized-datasets/3d680fbe-207b-4228-9e92-bfe2f811e82b/eede2f0c-bd45-451d-91d2-6c027bf97b9e.jpg,camera_data/images/img_1122721.jpg,0,Normal
1122734,https://tools.alertcalifornia.org/sanitized-datasets/3d680fbe-207b-4228-9e92-bfe2f811e82b/6dac8299-810c-41d7-8b31-4e6e25c5edbe.jpg,camera_data/images/img_1122734.jpg,0,Normal
1122755,https://tools.alertcalifornia.org/sanitized-datasets/3d680fbe-207b-4228-9e92-bfe2f811e82b/103d53fb-e492-44be-8002-bf5d4fbaf571.jpg,camera_data/images/img_1122755.jpg,1,Abnormal
1122775,https://tools.alertcalifornia.org/sanitized-datasets/3d680fbe-207b-4228-9e92-bfe2f811e82b/ebb5c716-8a4e-4f7c-bd53-198c3e10aadb.jpg,camera_data/images/img_1122775.jpg,0,Normal
1122778,https://tools.alertcalifornia.org/sanitized-datasets/3d680fbe-207b-4228-9e92-bfe2f811e82b/35e68c72-bf93-47f4-a247-df6c55caf69f.jpg,camera_data/images/img_1122778.jpg,0,Normal
1122845,https://tools.alertcalifornia.org/sanitized-datasets/3d680fbe-207b-4228-9e92-bfe2f811e82b/8e6b35da-38dd-48c6-a4cb-e7fd0643d037.jpg,camera_data/images/img_1122845.jpg,0,Normal
1122855,https://tools.alertcalifornia.org/sanitized-datasets/3d680fbe-207b-4228-9e92-bfe2f811e82b/01dd04b7-324c-4112-b2d5-5de65ce08c66.jpg,camera_data/images/img_1122855.jpg,0,Normal
1122925,https://tools.alertcalifornia.org/sanitized-datasets/3d680fbe-207b-4228-9e92-bfe2f811e82b/7cc90733-f096-416b-a2ca-ebb72a6c9ee3.jpg,camera_data/images/img_1122925.jpg,0,Normal
1122955,https://tools.alertcalifornia.org/sanitized-datasets/3d680fbe-207b-4228-9e92-bfe2f811e82b/90b5fff0-d5a8-4302-9ffc-7bb5f886a645.jpg,camera_data/images/img_1122955.jpg,0,Normal
1122996,https://tools.alertcalifornia.org/sanitized-datasets/3d680fbe-207b-4228-9e92-bfe2f811e82b/9090bf59-6da5-4200-acdf-cc0406b9a720.jpg,camera_data/images/img_1122996.jpg,1,Abnormal
1123012,https://tools.alertcalifornia.org/sanitized-datasets/3d680fbe-207b-4228-9e92-bfe2f811e82b/adcbf144-e1d9-4754-bb5a-344cd2cf3062.jpg,camera_data/images/img_1123012.jpg,0,Normal

1123026,https://tools.alertcalifornia.org/sanitized-datasets/3d680fbe-207b-4228-9e92-bfe2f811e82b/0061b096-81e2-4348-8bd6-8312b343eca0.jpg,camera_data/images/img_1123026.jpg,0,Normal
1123050,https://tools.alertcalifornia.org/sanitized-datasets/3d680fbe-207b-4228-9e92-bfe2f811e82b/32a04dc7-ccf3-4d88-b8dd-999b78bc198e.jpg,camera_data/images/img_1123050.jpg,0,Normal
1123127,https://tools.alertcalifornia.org/sanitized-datasets/3d680fbe-207b-4228-9e92-bfe2f811e82b/cd5d7135-470c-4c90-88ba-34966049d7ea.jpg,camera_data/images/img_1123127.jpg,0,Normal
1123196,https://tools.alertcalifornia.org/sanitized-datasets/3d680fbe-207b-4228-9e92-bfe2f811e82b/00ab9914-f408-42ed-8fc0-9974eb9ae8da.jpg,camera_data/images/img_1123196.jpg,0,Normal
1123242,https://tools.alertcalifornia.org/sanitized-datasets/3d680fbe-207b-4228-9e92-bfe2f811e82b/7413a783-8f7b-4a3a-9705-387614df91aa.jpg,camera_data/images/img_1123242.jpg,0,Normal
1123313,https://tools.alertcalifornia.org/sanitized-datasets/3d680fbe-207b-4228-9e92-bfe2f811e82b/1bd0dd41-3aa3-4039-ad8a-23264df73a7a.jpg,camera_data/images/img_1123313.jpg,1,Abnormal
1123365,https://tools.alertcalifornia.org/sanitized-datasets/3d680fbe-207b-4228-9e92-bfe2f811e82b/2993e2cf-065b-4a02-8f4c-0260acddda73.jpg,camera_data/images/img_1123365.jpg,0,Normal
1123375,https://tools.alertcalifornia.org/sanitized-datasets/3d680fbe-207b-4228-9e92-bfe2f811e82b/2f5186b3-d036-4180-8de9-e70167a5ce7b.jpg,camera_data/images/img_1123375.jpg,0,Normal
1123380,https://tools.alertcalifornia.org/sanitized-datasets/3d680fbe-207b-4228-9e92-bfe2f811e82b/a97e920c-2a01-42c6-bb3a-765168f32a76.jpg,camera_data/images/img_1123380.jpg,0,Normal
1123399,https://tools.alertcalifornia.org/sanitized-datasets/3d680fbe-207b-4228-9e92-bfe2f811e82b/fcee5af2-be5c-4d48-9af1-b468f1134a42.jpg,camera_data/images/img_1123399.jpg,0,Normal
1123404,https://tools.alertcalifornia.org/sanitized-datasets/3d680fbe-207b-4228-9e92-bfe2f811e82b/58d433e8-52c6-4d7c-8486-e86aa9ed1de3.jpg,camera_data/images/img_1123404.jpg,0,Normal
1123408,https://tools.alertcalifornia.org/sanitized-datasets/3d680fbe-207b-4228-9e92-bfe2f811e82b/7ea11be6-0456-4504-885c-ac35f1c75474.jpg,camera_data/images/img_1123408.jpg,0,Normal
1123416,https://tools.alertcalifornia.org/sanitized-datasets/3d680fbe-207b-4228-9e92-bfe2f811e82b/2cd21d28-f42e-41fa-aaf6-d56df3b18bbf.jpg,camera_data/images/img_1123416.jpg,0,Normal
1123444,https://tools.alertcalifornia.org/sanitized-datasets/3d680fbe-207b-4228-9e92-bfe2f811e82b/27c2248d-51da-4993-bf78-e48133ce19e5.jpg,camera_data/images/img_1123444.jpg,0,Normal
1123447,https://tools.alertcalifornia.org/sanitized-datasets/3d680fbe-207b-4228-9e92-bfe2f811e82b/3d50d510-1cb2-43e6-a7dd-0523aa711477.jpg,camera_data/images/img_1123447.jpg,0,Normal
1123453,https://tools.alertcalifornia.org/sanitized-datasets/3d680fbe-207b-4228-9e92-bfe2f811e82b/f27419f1-d84d-4938-b625-4952d99d0226.jpg,camera_data/images/img_1123453.jpg,0,Normal
1123455,https://tools.alertcalifornia.org/sanitized-datasets/3d680fbe-207b-4228-9e92-bfe2f811e82b/841debf3-6d65-44a9-9232-a432856bca7b.jpg,camera_data/images/img_1123455.jpg,1,Abnormal
1123464,https://tools.alertcalifornia.org/sanitized-datasets/3d680fbe-207b-4228-9e92-bfe2f811e82b/b3405726-55d6-4627-a6be-4b94a9ef49e8.jpg,camera_data/images/img_1123464.jpg,1,Abnormal
1123465,https://tools.alertcalifornia.org/sanitized-datasets/3d680fbe-207b-4228-9e92-bfe2f811e82b/8df1ecdd-6d91-47d7-a9d5-e54887d44568.jpg,camera_data/images/img_1123465.jpg,0,Normal
1123497,https://tools.alertcalifornia.org/sanitized-datasets/3d680fbe-207b-4228-9e92-bfe2f811e82b/4b40600f-1fcf-4841-a247-34be1a2f2a8c.jpg,camera_data/images/img_1123497.jpg,0,Normal
1123543,https://tools.alertcalifornia.org/sanitized-datasets/3d680fbe-207b-4228-9e92-bfe2f811e82b/d3e0d0c8-fc54-4702-90ca-d21d054f6335.jpg,camera_data/images/img_1123543.jpg,0,Normal
1123563,https://tools.alertcalifornia.org/sanitized-datasets/3d680fbe-207b-4228-9e92-bfe2f811e82b/7fcaa724-e12f-4775-8994-bd2963a59db9.jpg,camera_data/images/img_1123563.jpg,0,Normal
1123570,https://tools.alertcalifornia.org/sanitized-datasets/3d680fbe-207b-4228-9e92-bfe2f811e82b/7772fe61-ed2d-43ac-a3c2-5404ebbd870e.jpg,camera_data/images/img_1123570.jpg,0,Normal
1123575,https://tools.alertcalifornia.org/sanitized-datasets/3d680fbe-207b-4228-9e92-bfe2f811e82b/c5d17d57-47e3-463c-9646-8d187528181d.jpg,camera_data/images/img_1123575.jpg,1,Abnormal
1123600,https://tools.alertcalifornia.org/sanitized-datasets/3d680fbe-207b-4228-9e92-bfe2f811e82b/d569d8c3-7fc9-42f9-8df7-22ba58f2a82c.jpg,camera_data/images/img_1123600.jpg,0,Normal
1123603,https://tools.alertcalifornia.org/sanitized-datasets/3d680fbe-207b-4228-9e92-bfe2f811e82b/1c05c7f7-9a15-4d33-a49c-56b7fc5f5ad2.jpg,camera_data/images/img_1123603.jpg,0,Normal
1123663,https://tools.alertcalifornia.org/sanitized-datasets/3d680fbe-207b-4228-9e92-bfe2f811e82b/1a23edc5-5e04-4318-85c4-2787abf3d58c.jpg,camera_data/images/img_1123663.jpg,0,Normal
1123739,https://tools.alertcalifornia.org/sanitized-datasets/3d680fbe-207b-4228-9e92-bfe2f811e82b/7772fd4a-0296-44b5-b15e-d58938002613.jpg,camera_data/images/img_1123739.jpg,0,Normal
1123750,https://tools.alertcalifornia.org/sanitized-datasets/3d680fbe-207b-4228-9e92-bfe2f811e82b/7a4a26b2-2a52-4e87-939d-27adf47c6504.jpg,camera_data/images/img_1123750.jpg,1,Abnormal
1123769,https://tools.alertcalifornia.org/sanitized-datasets/3d680fbe-207b-4228-9e92-bfe2f811e82b/27b79871-1ef7-4332-8343-1eebd65650a7.jpg,camera_data/images/img_1123769.jpg,1,Abnormal
1123793,https://tools.alertcalifornia.org/sanitized-datasets/3d680fbe-207b-4228-9e92-bfe2f811e82b/009e78ac-b8c0-48d3-98c3-72d3b2dac4f0.jpg,camera_data/images/img_1123793.jpg,0,Normal
1123836,https://tools.alertcalifornia.org/sanitized-datasets/3d680fbe-207b-4228-9e92-bfe2f811e82b/37817b40-2749-45a8-b4f0-6eafe26fd347.jpg,camera_data/images/img_1123836.jpg,0,Normal

1123912,https://tools.alertcalifornia.org/sanitized-datasets/3d680fbe-207b-4228-9e92-bfe2f811e82b/cf37a544-eac3-43c6-baab-9775c91e50b7.jpg,camera_data/images/img_1123912.jpg,0,Normal
1123916,https://tools.alertcalifornia.org/sanitized-datasets/3d680fbe-207b-4228-9e92-bfe2f811e82b/8e9d8d5d-73e1-4f74-bec0-c1a3373a07a2.jpg,camera_data/images/img_1123916.jpg,1,Abnormal
1123942,https://tools.alertcalifornia.org/sanitized-datasets/3d680fbe-207b-4228-9e92-bfe2f811e82b/67c7dc34-3816-407f-99f1-9a6c4ec17b15.jpg,camera_data/images/img_1123942.jpg,0,Normal
1123964,https://tools.alertcalifornia.org/sanitized-datasets/3d680fbe-207b-4228-9e92-bfe2f811e82b/85a8f172-6832-40bc-bce7-66c6a1ae7ab8.jpg,camera_data/images/img_1123964.jpg,1,Abnormal
1123998,https://tools.alertcalifornia.org/sanitized-datasets/3d680fbe-207b-4228-9e92-bfe2f811e82b/e92e6eeb-573a-4e4e-b581-60f72f0ae52f.jpg,camera_data/images/img_1123998.jpg,0,Normal
1124023,https://tools.alertcalifornia.org/sanitized-datasets/3d680fbe-207b-4228-9e92-bfe2f811e82b/c1df8d4c-de90-4565-9624-87763ab4285f.jpg,camera_data/images/img_1124023.jpg,0,Normal
1124098,https://tools.alertcalifornia.org/sanitized-datasets/3d680fbe-207b-4228-9e92-bfe2f811e82b/325cdd8d-c6b6-42bc-bbc3-98b1f07a531d.jpg,camera_data/images/img_1124098.jpg,0,Normal
1124128,https://tools.alertcalifornia.org/sanitized-datasets/3d680fbe-207b-4228-9e92-bfe2f811e82b/818a23b3-31a6-406a-9475-c7e5d7988801.jpg,camera_data/images/img_1124128.jpg,1,Abnormal
1124136,https://tools.alertcalifornia.org/sanitized-datasets/3d680fbe-207b-4228-9e92-bfe2f811e82b/7285fc2b-b527-439d-acb3-2f16228e00b9.jpg,camera_data/images/img_1124136.jpg,0,Normal
1124147,https://tools.alertcalifornia.org/sanitized-datasets/3d680fbe-207b-4228-9e92-bfe2f811e82b/cfd897fe-4a4d-4414-8896-7cfbc93a4c2e.jpg,camera_data/images/img_1124147.jpg,0,Normal
1124205,https://tools.alertcalifornia.org/sanitized-datasets/3d680fbe-207b-4228-9e92-bfe2f811e82b/1961bf78-9a12-4a72-842e-83e42ae80092.jpg,camera_data/images/img_1124205.jpg,0,Normal
1124228,https://tools.alertcalifornia.org/sanitized-datasets/3d680fbe-207b-4228-9e92-bfe2f811e82b/f8bcb59a-10f7-40a8-8d94-897df9bf08e4.jpg,camera_data/images/img_1124228.jpg,1,Abnormal
1124260,https://tools.alertcalifornia.org/sanitized-datasets/3d680fbe-207b-4228-9e92-bfe2f811e82b/96c96bbc-d5fd-43bf-8bf4-7b73ee5e848a.jpg,camera_data/images/img_1124260.jpg,0,Normal
1124302,https://tools.alertcalifornia.org/sanitized-datasets/3d680fbe-207b-4228-9e92-bfe2f811e82b/a46fe66f-a07d-4322-b9ad-4464a737c552.jpg,camera_data/images/img_1124302.jpg,0,Normal
1124325,https://tools.alertcalifornia.org/sanitized-datasets/3d680fbe-207b-4228-9e92-bfe2f811e82b/1910ba69-1bad-4e51-a9d6-da3000c0c0cb.jpg,camera_data/images/img_1124325.jpg,0,Normal
1124328,https://tools.alertcalifornia.org/sanitized-datasets/3d680fbe-207b-4228-9e92-bfe2f811e82b/7d92e315-fc81-4281-ae6f-436f4501c6ec.jpg,camera_data/images/img_1124328.jpg,0,Normal
1124342,https://tools.alertcalifornia.org/sanitized-datasets/3d680fbe-207b-4228-9e92-bfe2f811e82b/c248408a-bf7c-418f-8c8f-c52941b98db6.jpg,camera_data/images/img_1124342.jpg,1,Abnormal
1124396,https://tools.alertcalifornia.org/sanitized-datasets/3d680fbe-207b-4228-9e92-bfe2f811e82b/4c9f0eeb-410d-4a61-8390-78a2be08b70e.jpg,camera_data/images/img_1124396.jpg,0,Normal
1124415,https://tools.alertcalifornia.org/sanitized-datasets/3d680fbe-207b-4228-9e92-bfe2f811e82b/de303aff-9ab3-4e97-9df8-a4da05fd6fb8.jpg,camera_data/images/img_1124415.jpg,0,Normal
1124444,https://tools.alertcalifornia.org/sanitized-datasets/3d680fbe-207b-4228-9e92-bfe2f811e82b/3f820a16-3846-4c09-85cd-eba8cab1e59a.jpg,camera_data/images/img_1124444.jpg,0,Normal
1124521,https://tools.alertcalifornia.org/sanitized-datasets/3d680fbe-207b-4228-9e92-bfe2f811e82b/5d25399d-3717-40bb-927d-bd1f11e90c3b.jpg,camera_data/images/img_1124521.jpg,0,Normal
1124525,https://tools.alertcalifornia.org/sanitized-datasets/3d680fbe-207b-4228-9e92-bfe2f811e82b/e45ead30-eec3-47d7-94e0-3576504d670b.jpg,camera_data/images/img_1124525.jpg,1,Abnormal
1124613,https://tools.alertcalifornia.org/sanitized-datasets/3d680fbe-207b-4228-9e92-bfe2f811e82b/7861ba38-efe8-4797-bc02-5cc028c6acbf.jpg,camera_data/images/img_1124613.jpg,0,Normal
1124678,https://tools.alertcalifornia.org/sanitized-datasets/3d680fbe-207b-4228-9e92-bfe2f811e82b/1e24d7f9-897f-4efe-8ca1-49e8c4a1088a.jpg,camera_data/images/img_1124678.jpg,0,Normal
1124734,https://tools.alertcalifornia.org/sanitized-datasets/3d680fbe-207b-4228-9e92-bfe2f811e82b/ac99ac02-5850-4ce4-8760-a8ca1697205f.jpg,camera_data/images/img_1124734.jpg,0,Normal
1124859,https://tools.alertcalifornia.org/sanitized-datasets/3d680fbe-207b-4228-9e92-bfe2f811e82b/cdaab244-3170-4cfb-a734-6e5ce742392a.jpg,camera_data/images/img_1124859.jpg,0,Normal
1124920,https://tools.alertcalifornia.org/sanitized-datasets/3d680fbe-207b-4228-9e92-bfe2f811e82b/06f84cab-d635-436c-b891-e4ad2d41c354.jpg,camera_data/images/img_1124920.jpg,0,Normal
1124976,https://tools.alertcalifornia.org/sanitized-datasets/3d680fbe-207b-4228-9e92-bfe2f811e82b/6a7592fb-3754-42d7-a96b-064c39b14a26.jpg,camera_data/images/img_1124976.jpg,1,Abnormal
1124983,https://tools.alertcalifornia.org/sanitized-datasets/3d680fbe-207b-4228-9e92-bfe2f811e82b/0231fb47-88e9-4008-b4be-2a08166ada44.jpg,camera_data/images/img_1124983.jpg,1,Abnormal
1124996,https://tools.alertcalifornia.org/sanitized-datasets/3d680fbe-207b-4228-9e92-bfe2f811e82b/4886668d-074e-477c-8446-539a42b53e1a.jpg,camera_data/images/img_1124996.jpg,0,Normal
1125008,https://tools.alertcalifornia.org/sanitized-datasets/3d680fbe-207b-4228-9e92-bfe2f811e82b/f38141a5-56de-4056-a218-647f997acba8.jpg,camera_data/images/img_1125008.jpg,0,Normal
1125015,https://tools.alertcalifornia.org/sanitized-datasets/3d680fbe-207b-4228-9e92-bfe2f811e82b/79e1a909-3bed-4a17-9546-6c49b1a95976.jpg,camera_data/images/img_1125015.jpg,0,Normal

1125026,https://tools.alertcalifornia.org/sanitized-datasets/3d680fbe-207b-4228-9e92-bfe2f811e82b/bfd04ae7-e79d-46c3-8786-3142a4f285f8.jpg,camera_data/images/img_1125026.jpg,0,Normal
1125037,https://tools.alertcalifornia.org/sanitized-datasets/3d680fbe-207b-4228-9e92-bfe2f811e82b/60bda129-e7ad-4b8e-a5ea-4285fb53c7f1.jpg,camera_data/images/img_1125037.jpg,0,Normal
1125053,https://tools.alertcalifornia.org/sanitized-datasets/3d680fbe-207b-4228-9e92-bfe2f811e82b/78b0b178-43ee-4d34-a04a-11f6cddda1ef.jpg,camera_data/images/img_1125053.jpg,0,Normal
1125171,https://tools.alertcalifornia.org/sanitized-datasets/3d680fbe-207b-4228-9e92-bfe2f811e82b/ac39c3ff-5ea0-4426-a15d-17104ec605c4.jpg,camera_data/images/img_1125171.jpg,0,Normal
1125220,https://tools.alertcalifornia.org/sanitized-datasets/3d680fbe-207b-4228-9e92-bfe2f811e82b/1580581e-ce56-4d62-9700-6755556d5b51.jpg,camera_data/images/img_1125220.jpg,1,Abnormal
1125238,https://tools.alertcalifornia.org/sanitized-datasets/3d680fbe-207b-4228-9e92-bfe2f811e82b/1dead9a0-5a80-45dc-ad53-7a898acc9274.jpg,camera_data/images/img_1125238.jpg,1,Abnormal
1125285,https://tools.alertcalifornia.org/sanitized-datasets/3d680fbe-207b-4228-9e92-bfe2f811e82b/ee9d7330-0e27-4648-8d3b-36c9066e68d4.jpg,camera_data/images/img_1125285.jpg,0,Normal
1125316,https://tools.alertcalifornia.org/sanitized-datasets/3d680fbe-207b-4228-9e92-bfe2f811e82b/42010680-0702-4e59-ae8b-c85275e3ff9c.jpg,camera_data/images/img_1125316.jpg,0,Normal
1125440,https://tools.alertcalifornia.org/sanitized-datasets/3d680fbe-207b-4228-9e92-bfe2f811e82b/ea5a76e7-f6e0-41a9-be45-5e89c8c03a85.jpg,camera_data/images/img_1125440.jpg,0,Normal
1125455,https://tools.alertcalifornia.org/sanitized-datasets/3d680fbe-207b-4228-9e92-bfe2f811e82b/917ba08c-1775-4d04-aeba-d2e9d95d4a71.jpg,camera_data/images/img_1125455.jpg,0,Normal
1125462,https://tools.alertcalifornia.org/sanitized-datasets/3d680fbe-207b-4228-9e92-bfe2f811e82b/a7b5b881-d092-4720-8373-10a0e143d281.jpg,camera_data/images/img_1125462.jpg,0,Normal
1125475,https://tools.alertcalifornia.org/sanitized-datasets/3d680fbe-207b-4228-9e92-bfe2f811e82b/1f248c36-53c9-47e8-b94e-3b00940ccc0d.jpg,camera_data/images/img_1125475.jpg,0,Normal
1125501,https://tools.alertcalifornia.org/sanitized-datasets/3d680fbe-207b-4228-9e92-bfe2f811e82b/42886993-2fef-4235-9bda-00eb5285602a.jpg,camera_data/images/img_1125501.jpg,0,Normal
1125512,https://tools.alertcalifornia.org/sanitized-datasets/3d680fbe-207b-4228-9e92-bfe2f811e82b/3b5467bc-72fd-46aa-bcca-455f045e5121.jpg,camera_data/images/img_1125512.jpg,0,Normal
1125533,https://tools.alertcalifornia.org/sanitized-datasets/3d680fbe-207b-4228-9e92-bfe2f811e82b/50a86948-d91a-4bf7-8761-83f03d7ee2b1.jpg,camera_data/images/img_1125533.jpg,0,Normal
1125551,https://tools.alertcalifornia.org/sanitized-datasets/3d680fbe-207b-4228-9e92-bfe2f811e82b/7be4a978-00d7-4b75-be46-e38737232c15.jpg,camera_data/images/img_1125551.jpg,0,Normal
1125597,https://tools.alertcalifornia.org/sanitized-datasets/3d680fbe-207b-4228-9e92-bfe2f811e82b/69e2152d-737c-4602-a69b-d8c393c5f929.jpg,camera_data/images/img_1125597.jpg,0,Normal
1125621,https://tools.alertcalifornia.org/sanitized-datasets/3d680fbe-207b-4228-9e92-bfe2f811e82b/2c9ff290-77f8-459d-9779-ce2686071a02.jpg,camera_data/images/img_1125621.jpg,0,Normal
1125622,https://tools.alertcalifornia.org/sanitized-datasets/3d680fbe-207b-4228-9e92-bfe2f811e82b/26c38666-bb13-4c28-97f0-12ae2482a773.jpg,camera_data/images/img_1125622.jpg,0,Normal

