1125704,https://tools.alertcalifornia.org/fireframes5/digitalpath-redis/Axis-Dewdrop1/2025/196/01/1752541592.000000000.jpg,camera_data/images/img_1125704.jpg,1,Abnormal
1125723,https://tools.alertcalifornia.org/fireframes5/digitalpath-redis/Axis-Dewdrop1/2025/203/20/1753214640.000000000.jpg,camera_data/images/img_1125723.jpg,0,Normal
1125735,https://tools.alertcalifornia.org/fireframes5/digitalpath-redis/Axis-Dewdrop1/2025/204/08/1753257667.000000000.jpg,camera_data/images/img_1125735.jpg,1,Abnormal
1125800,https://tools.alertcalifornia.org/fireframes5/digitalpath-redis/Axis-Dewdrop1/2025/187/01/1751763933.000000000.jpg,camera_data/images/img_1125800.jpg,1,Abnormal
1125822,https://tools.alertcalifornia.org/fireframes5/digitalpath-redis/Axis-Dewdrop1/2025/202/23/1753139049.000000000.jpg,camera_data/images/img_1125822.jpg,0,Normal
1125855,https://tools.alertcalifornia.org/fireframes5/digitalpath-redis/Axis-Dewdrop1/2025/188/08/1751875241.000000000.jpg,camera_data/images/img_1125855.jpg,0,Normal
1125889,https://tools.alertcalifornia.org/fireframes5/digitalpath-redis/Axis-Dewdrop1/2025/198/18/1752775492.000000000.jpg,camera_data/images/img_1125889.jpg,0,Normal
1125922,https://tools.alertcalifornia.org/fireframes5/digitalpath-redis/Axis-Dewdrop1/2025/210/03/1753758304.000000000.jpg,camera_data/images/img_1125922.jpg,1,Abnormal
1125950,https://tools.alertcalifornia.org/fireframes5/digitalpath-redis/Axis-Dewdrop1/2025/187/07/1751785220.000000000.jpg,camera_data/images/img_1125950.jpg,0,Normal
1126060,https://tools.alertcalifornia.org/fireframes5/digitalpath-redis/Axis-Dewdrop1/2025/206/21/1753477420.000000000.jpg,camera_data/images/img_1126060.jpg,0,Normal
1126134,https://tools.alertcalifornia.org/fireframes5/digitalpath-redis/Axis-Dewdrop1/2025/193/23/1752361633.000000000.jpg,camera_data/images/img_1126134.jpg,0,Normal
1126172,https://tools.alertcalifornia.org/fireframes5/digitalpath-redis/Axis-Dewdrop1/2025/205/13/1753362132.000000000.jpg,camera_data/images/img_1126172.jpg,0,Normal
1126220,https://tools.alertcalifornia.org/fireframes5/digitalpath-redis/Axis-Dewdrop1/2025/207/13/1753534932.000000000.jpg,camera_data/images/img_1126220.jpg,0,Normal
1126228,https://tools.alertcalifornia.org/fireframes5/digitalpath-redis/Axis-Dewdrop1/2025/207/21/1753563863.000000000.jpg,camera_data/images/img_1126228.jpg,0,Normal
1126282,https://tools.alertcalifornia.org/fireframes5/digitalpath-redis/Axis-Dewdrop1/2025/191/03/1752116825.000000000.jpg,camera_data/images/img_1126282.jpg,1,Abnormal
1126285,https://tools.alertcalifornia.org/fireframes5/digitalpath-redis/Axis-Dewdrop1/2025/191/06/1752127654.000000000.jpg,camera_data/images/img_1126285.jpg,1,Abnormal
1126296,https://tools.alertcalifornia.org/fireframes5/digitalpath-redis/Axis-Dewdrop1/2025/208/17/1753635739.000000000.jpg,camera_data/images/img_1126296.jpg,0,Normal
1126338,https://tools.alertcalifornia.org/fireframes5/digitalpath-redis/Axis-Dewdrop1/2025/199/12/1752840181.000000000.jpg,camera_data/images/img_1126338.jpg,1,Abnormal
1126428,https://tools.alertcalifornia.org/fireframes5/digitalpath-redis/Axis-Dewdrop1/2025/073/06/1741932392.000000000.jpg,camera_data/images/img_1126428.jpg,1,Abnormal
1126446,https://tools.alertcalifornia.org/fireframes5/digitalpath-redis/Axis-Dewdrop1/2025/063/01/1741050353.000000000.jpg,camera_data/images/img_1126446.jpg,1,Abnormal
1126457,https://tools.alertcalifornia.org/fireframes5/digitalpath-redis/Axis-Dewdrop1/2025/084/11/1742900520.000000000.jpg,camera_data/images/img_1126457.jpg,1,Abnormal
1126472,https://tools.alertcalifornia.org/fireframes5/digitalpath-redis/Axis-Dewdrop1/2025/085/02/1742954740.000000000.jpg,camera_data/images/img_1126472.jpg,1,Abnormal
1126495,https://tools.alertcalifornia.org/fireframes5/digitalpath-redis/Axis-Dewdrop1/2025/084/01/1742864731.000000000.jpg,camera_data/images/img_1126495.jpg,1,Abnormal
1126536,https://tools.alertcalifornia.org/fireframes5/digitalpath-redis/Axis-Dewdrop1/2025/071/18/1741802686.000000000.jpg,camera_data/images/img_1126536.jpg,0,Normal
1126584,https://tools.alertcalifornia.org/fireframes5/digitalpath-redis/Axis-Dewdrop1/2025/068/19/1741547059.000000000.jpg,camera_data/images/img_1126584.jpg,0,Normal
1126696,https://tools.alertcalifornia.org/fireframes5/digitalpath-redis/Axis-Dewdrop1/2025/086/11/1743073401.000000000.jpg,camera_data/images/img_1126696.jpg,1,Abnormal
1126697,https://tools.alertcalifornia.org/fireframes5/digitalpath-redis/Axis-Dewdrop1/2025/086/12/1743077022.000000000.jpg,camera_data/images/img_1126697.jpg,1,Abnormal
1126728,https://tools.alertcalifornia.org/fireframes5/digitalpath-redis/Axis-Dewdrop1/2025/077/19/1742324580.000000000.jpg,camera_data/images/img_1126728.jpg,0,Normal
1126731,https://tools.alertcalifornia.org/fireframes5/digitalpath-redis/Axis-Dewdrop1/2025/077/22/1742335415.000000000.jpg,camera_data/images/img_1126731.jpg,0,Normal
1126764,https://tools.alertcalifornia.org/fireframes5/digitalpath-redis/Axis-Dewdrop1/2025/081/07/1742626842.000000000.jpg,camera_data/images/img_1126764.jpg,0,Normal
1126793,https://tools.alertcalifornia.org/fireframes5/digitalpath-redis/Axis-Dewdrop1/2025/073/12/1741953756.000000000.jpg,camera_data/images/img_1126793.jpg,0,Normal
1126801,https://tools.alertcalifornia.org/fireframes5/digitalpath-redis/Axis-Dewdrop1/2025/073/20/1741982703.000000000.jpg,camera_data/images/img_1126801.jpg,1,Abnormal

1126895,https://tools.alertcalifornia.org/fireframes5/digitalpath-redis/Axis-Dewdrop1/2025/082/18/1742753105.000000000.jpg,camera_data/images/img_1126895.jpg,0,Normal
1126955,https://tools.alertcalifornia.org/fireframes5/digitalpath-redis/Axis-Dewdrop1/2025/067/07/1741417581.000000000.jpg,camera_data/images/img_1126955.jpg,0,Normal
1126964,https://tools.alertcalifornia.org/fireframes5/digitalpath-redis/Axis-Dewdrop1/2025/087/15/1743174104.000000000.jpg,camera_data/images/img_1126964.jpg,0,Normal
1127012,https://tools.alertcalifornia.org/fireframes5/digitalpath-redis/Axis-Dewdrop1/2025/080/15/1742569371.000000000.jpg,camera_data/images/img_1127012.jpg,0,Normal
1127054,https://tools.alertcalifornia.org/fireframes5/digitalpath-redis/Axis-Dewdrop1/2025/089/23/1743375837.000000000.jpg,camera_data/images/img_1127054.jpg,0,Normal
1127067,https://tools.alertcalifornia.org/fireframes5/digitalpath-redis/Axis-Dewdrop1/2025/065/13/1741266076.000000000.jpg,camera_data/images/img_1127067.jpg,1,Abnormal
1127119,https://tools.alertcalifornia.org/fireframes5/digitalpath-redis/Axis-Dewdrop1/2025/088/16/1743264193.000000000.jpg,camera_data/images/img_1127119.jpg,0,Normal
1127179,https://tools.alertcalifornia.org/fireframes5/digitalpath-redis/Axis-Dewdrop1/2024/289/04/1728965153.000000000.jpg,camera_data/images/img_1127179.jpg,1,Abnormal
1127208,https://tools.alertcalifornia.org/fireframes5/digitalpath-redis/Axis-Dewdrop1/2024/291/10/1729159278.000000000.jpg,camera_data/images/img_1127208.jpg,0,Normal
1127239,https://tools.alertcalifornia.org/fireframes5/digitalpath-redis/Axis-Dewdrop1/2024/286/17/1728752563.000000000.jpg,camera_data/images/img_1127239.jpg,0,Normal
1127261,https://tools.alertcalifornia.org/fireframes5/digitalpath-redis/Axis-Dewdrop1/2024/276/15/1727881376.000000000.jpg,camera_data/images/img_1127261.jpg,0,Normal
1127277,https://tools.alertcalifornia.org/fireframes5/digitalpath-redis/Axis-Dewdrop1/2024/287/16/1728835372.000000000.jpg,camera_data/images/img_1127277.jpg,0,Normal
1127299,https://tools.alertcalifornia.org/fireframes5/digitalpath-redis/Axis-Dewdrop1/2024/292/14/1729260183.000000000.jpg,camera_data/images/img_1127299.jpg,0,Normal
1127304,https://tools.alertcalifornia.org/fireframes5/digitalpath-redis/Axis-Dewdrop1/2024/292/19/1729278272.000000000.jpg,camera_data/images/img_1127304.jpg,0,Normal
1127324,https://tools.alertcalifornia.org/fireframes5/digitalpath-redis/Axis-Dewdrop1/2024/285/15/1728659019.000000000.jpg,camera_data/images/img_1127324.jpg,0,Normal
1127346,https://tools.alertcalifornia.org/fireframes5/digitalpath-redis/Axis-Dewdrop1/2024/275/13/1727787697.000000000.jpg,camera_data/images/img_1127346.jpg,0,Normal
1127387,https://tools.alertcalifornia.org/fireframes5/digitalpath-redis/Axis-Dewdrop1/2024/294/02/1729389922.000000000.jpg,camera_data/images/img_1127387.jpg,1,Abnormal
1127407,https://tools.alertcalifornia.org/fireframes5/digitalpath-redis/Axis-Dewdrop1/2025/241/00/1756429021.000000000.jpg,camera_data/images/img_1127407.jpg,1,Abnormal
1127670,https://tools.alertcalifornia.org/fireframes5/digitalpath-redis/Axis-Dewdrop1/2025/216/09/1754298083.000000000.jpg,camera_data/images/img_1127670.jpg,1,Abnormal
1127704,https://tools.alertcalifornia.org/fireframes5/digitalpath-redis/Axis-Dewdrop1/2025/217/19/1754420744.000000000.jpg,camera_data/images/img_1127704.jpg,0,Normal
1127735,https://tools.alertcalifornia.org/fireframes5/digitalpath-redis/Axis-Dewdrop1/2025/228/02/1755309879.000000000.jpg,camera_data/images/img_1127735.jpg,1,Abnormal
1127810,https://tools.alertcalifornia.org/fireframes5/digitalpath-redis/Axis-Dewdrop1/2025/238/18/1756231404.000000000.jpg,camera_data/images/img_1127810.jpg,0,Normal
1127818,https://tools.alertcalifornia.org/fireframes5/digitalpath-redis/Axis-Dewdrop1/2025/239/02/1756260368.000000000.jpg,camera_data/images/img_1127818.jpg,1,Abnormal
1127833,https://tools.alertcalifornia.org/fireframes5/digitalpath-redis/Axis-Dewdrop1/2025/222/17/1754845419.000000000.jpg,camera_data/images/img_1127833.jpg,0,Normal
1127856,https://tools.alertcalifornia.org/fireframes5/digitalpath-redis/Axis-Dewdrop1/2025/213/16/1754064147.000000000.jpg,camera_data/images/img_1127856.jpg,0,Normal
1127974,https://tools.alertcalifornia.org/fireframes5/digitalpath-redis/Axis-Dewdrop1/2025/225/14/1755093764.000000000.jpg,camera_data/images/img_1127974.jpg,0,Normal
1128004,https://tools.alertcalifornia.org/fireframes5/digitalpath-redis/Axis-Dewdrop1/2025/215/20/1754251464.000000000.jpg,camera_data/images/img_1128004.jpg,0,Normal
1128099,https://tools.alertcalifornia.org/fireframes5/digitalpath-redis/Axis-Dewdrop1/2025/224/19/1755025404.000000000.jpg,camera_data/images/img_1128099.jpg,0,Normal
1128158,https://tools.alertcalifornia.org/fireframes5/digitalpath-redis/Axis-Dewdrop1/2025/164/06/1749795031.000000000.jpg,camera_data/images/img_1128158.jpg,0,Normal
1128185,https://tools.alertcalifornia.org/fireframes5/digitalpath-redis/Axis-Dewdrop1/2025/176/09/1750842119.000000000.jpg,camera_data/images/img_1128185.jpg,1,Abnormal
1128223,https://tools.alertcalifornia.org/fireframes5/digitalpath-redis/Axis-Dewdrop1/2025/164/23/1749855936.000000000.jpg,camera_data/images/img_1128223.jpg,0,Normal
1128262,https://tools.alertcalifornia.org/fireframes5/digitalpath-redis/Axis-Dewdrop1/2025/178/14/1751033063.000000000.jpg,camera_data/images/img_1128262.jpg,0,Normal

1128344,https://tools.alertcalifornia.org/fireframes5/digitalpath-redis/Axis-Dewdrop1/2025/153/00/1748822753.000000000.jpg,camera_data/images/img_1128344.jpg,0,Normal
1128351,https://tools.alertcalifornia.org/fireframes5/digitalpath-redis/Axis-Dewdrop1/2025/162/07/1749625254.000000000.jpg,camera_data/images/img_1128351.jpg,0,Normal
1128482,https://tools.alertcalifornia.org/fireframes5/digitalpath-redis/Axis-Dewdrop1/2025/174/18/1750701844.000000000.jpg,camera_data/images/img_1128482.jpg,0,Normal
1128516,https://tools.alertcalifornia.org/fireframes5/digitalpath-redis/Axis-Dewdrop1/2025/157/04/1749182779.000000000.jpg,camera_data/images/img_1128516.jpg,0,Normal
1128524,https://tools.alertcalifornia.org/fireframes5/digitalpath-redis/Axis-Dewdrop1/2025/166/12/1749988882.000000000.jpg,camera_data/images/img_1128524.jpg,0,Normal
1128568,https://tools.alertcalifornia.org/fireframes5/digitalpath-redis/Axis-Dewdrop1/2025/155/08/1749024001.000000000.jpg,camera_data/images/img_1128568.jpg,1,Abnormal
1128599,https://tools.alertcalifornia.org/fireframes5/digitalpath-redis/Axis-Dewdrop1/2025/173/15/1750604549.000000000.jpg,camera_data/images/img_1128599.jpg,0,Normal
1128605,https://tools.alertcalifornia.org/fireframes5/digitalpath-redis/Axis-Dewdrop1/2025/173/21/1750626229.000000000.jpg,camera_data/images/img_1128605.jpg,0,Normal
1128621,https://tools.alertcalifornia.org/fireframes5/digitalpath-redis/Axis-Dewdrop1/2025/157/13/1749214898.000000000.jpg,camera_data/images/img_1128621.jpg,0,Normal
1128643,https://tools.alertcalifornia.org/fireframes5/digitalpath-redis/Axis-Dewdrop1/2025/167/11/1750071749.000000000.jpg,camera_data/images/img_1128643.jpg,0,Normal
1128668,https://tools.alertcalifornia.org/fireframes5/digitalpath-redis/Axis-Dewdrop1/2025/180/12/1751198555.000000000.jpg,camera_data/images/img_1128668.jpg,0,Normal
1128703,https://tools.alertcalifornia.org/fireframes5/digitalpath-redis/Axis-Dewdrop1/2025/171/23/1750460793.000000000.jpg,camera_data/images/img_1128703.jpg,0,Normal
1128766,https://tools.alertcalifornia.org/fireframes5/digitalpath-redis/Axis-Dewdrop1/2025/168/14/1750168951.000000000.jpg,camera_data/images/img_1128766.jpg,0,Normal
1128839,https://tools.alertcalifornia.org/fireframes5/digitalpath-redis/Axis-Dewdrop1/2025/046/16/1739635322.000000000.jpg,camera_data/images/img_1128839.jpg,0,Normal
1128849,https://tools.alertcalifornia.org/fireframes5/digitalpath-redis/Axis-Dewdrop1/2025/047/02/1739671411.000000000.jpg,camera_data/images/img_1128849.jpg,0,Normal
1128869,https://tools.alertcalifornia.org/fireframes5/digitalpath-redis/Axis-Dewdrop1/2025/036/22/1738793179.000000000.jpg,camera_data/images/img_1128869.jpg,0,Normal
1128871,https://tools.alertcalifornia.org/fireframes5/digitalpath-redis/Axis-Dewdrop1/2025/037/00/1738800427.000000000.jpg,camera_data/images/img_1128871.jpg,1,Abnormal
1128961,https://tools.alertcalifornia.org/fireframes5/digitalpath-redis/Axis-Dewdrop1/2025/045/18/1739556220.000000000.jpg,camera_data/images/img_1128961.jpg,1,Abnormal
1128984,https://tools.alertcalifornia.org/fireframes5/digitalpath-redis/Axis-Dewdrop1/2025/051/17/1740071047.000000000.jpg,camera_data/images/img_1128984.jpg,0,Normal
1129007,https://tools.alertcalifornia.org/fireframes5/digitalpath-redis/Axis-Dewdrop1/2025/047/16/1739721725.000000000.jpg,camera_data/images/img_1129007.jpg,0,Normal
1129014,https://tools.alertcalifornia.org/fireframes5/digitalpath-redis/Axis-Dewdrop1/2025/047/23/1739746985.000000000.jpg,camera_data/images/img_1129014.jpg,0,Normal
1129063,https://tools.alertcalifornia.org/fireframes5/digitalpath-redis/Axis-Dewdrop1/2025/039/00/1738973060.000000000.jpg,camera_data/images/img_1129063.jpg,1,Abnormal
1129095,https://tools.alertcalifornia.org/fireframes5/digitalpath-redis/Axis-Dewdrop1/2025/059/08/1740729631.000000000.jpg,camera_data/images/img_1129095.jpg,0,Normal
1129163,https://tools.alertcalifornia.org/fireframes5/digitalpath-redis/Axis-Dewdrop1/2025/056/05/1740460115.000000000.jpg,camera_data/images/img_1129163.jpg,1,Abnormal
1129171,https://tools.alertcalifornia.org/fireframes5/digitalpath-redis/Axis-Dewdrop1/2025/043/13/1739365374.000000000.jpg,camera_data/images/img_1129171.jpg,1,Abnormal
1129209,https://tools.alertcalifornia.org/fireframes5/digitalpath-redis/Axis-Dewdrop1/2025/034/03/1738551937.000000000.jpg,camera_data/images/img_1129209.jpg,1,Abnormal
1129252,https://tools.alertcalifornia.org/fireframes5/digitalpath-redis/Axis-Dewdrop1/2025/044/22/1739484274.000000000.jpg,camera_data/images/img_1129252.jpg,1,Abnormal
1129272,https://tools.alertcalifornia.org/fireframes5/digitalpath-redis/Axis-Dewdrop1/2025/056/18/1740506637.000000000.jpg,camera_data/images/img_1129272.jpg,0,Normal
1129275,https://tools.alertcalifornia.org/fireframes5/digitalpath-redis/Axis-Dewdrop1/2025/056/21/1740517502.000000000.jpg,camera_data/images/img_1129275.jpg,0,Normal
1129337,https://tools.alertcalifornia.org/fireframes5/digitalpath-redis/Axis-Dewdrop1/2025/058/11/1740654062.000000000.jpg,camera_data/images/img_1129337.jpg,1,Abnormal
1129359,https://tools.alertcalifornia.org/fireframes5/digitalpath-redis/Axis-Dewdrop1/2025/039/09/1739005213.000000000.jpg,camera_data/images/img_1129359.jpg,0,Normal
1129373,https://tools.alertcalifornia.org/fireframes5/digitalpath-redis/Axis-Dewdrop1/2025/039/23/1739055832.000000000.jpg,camera_data/images/img_1129373.jpg,0,Normal

1129380,https://tools.alertcalifornia.org/fireframes5/digitalpath-redis/Axis-Dewdrop1/2025/049/14/1739887373.000000000.jpg,camera_data/images/img_1129380.jpg,1,Abnormal
1129381,https://tools.alertcalifornia.org/fireframes5/digitalpath-redis/Axis-Dewdrop1/2025/049/15/1739890979.000000000.jpg,camera_data/images/img_1129381.jpg,0,Normal
1129412,https://tools.alertcalifornia.org/fireframes5/digitalpath-redis/Axis-Dewdrop1/2025/057/22/1740607590.000000000.jpg,camera_data/images/img_1129412.jpg,0,Normal
1129453,https://tools.alertcalifornia.org/fireframes5/digitalpath-redis/Axis-Dewdrop1/2025/040/16/1739116948.000000000.jpg,camera_data/images/img_1129453.jpg,0,Normal
1129456,https://tools.alertcalifornia.org/fireframes5/digitalpath-redis/Axis-Dewdrop1/2025/040/19/1739127823.000000000.jpg,camera_data/images/img_1129456.jpg,0,Normal
1129496,https://tools.alertcalifornia.org/fireframes5/digitalpath-redis/Axis-Dewdrop1/2025/254/10/1757584898.000000000.jpg,camera_data/images/img_1129496.jpg,0,Normal
1129598,https://tools.alertcalifornia.org/fireframes5/digitalpath-redis/Axis-Dewdrop1/2025/270/19/1758999915.000000000.jpg,camera_data/images/img_1129598.jpg,0,Normal
1129605,https://tools.alertcalifornia.org/fireframes5/digitalpath-redis/Axis-Dewdrop1/2025/271/02/1759025219.000000000.jpg,camera_data/images/img_1129605.jpg,1,Abnormal
1129626,https://tools.alertcalifornia.org/fireframes5/digitalpath-redis/Axis-Dewdrop1/2025/262/23/1758323114.000000000.jpg,camera_data/images/img_1129626.jpg,0,Normal
1129683,https://tools.alertcalifornia.org/fireframes5/digitalpath-redis/Axis-Dewdrop1/2025/253/08/1757491229.000000000.jpg,camera_data/images/img_1129683.jpg,0,Normal
1129689,https://tools.alertcalifornia.org/fireframes5/digitalpath-redis/Axis-Dewdrop1/2025/253/14/1757512908.000000000.jpg,camera_data/images/img_1129689.jpg,0,Normal
1129717,https://tools.alertcalifornia.org/fireframes5/digitalpath-redis/Axis-Dewdrop1/2025/267/18/1758737100.000000000.jpg,camera_data/images/img_1129717.jpg,0,Normal
1129735,https://tools.alertcalifornia.org/fireframes5/digitalpath-redis/Axis-Dewdrop1/2025/255/19/1757703962.000000000.jpg,camera_data/images/img_1129735.jpg,0,Normal
1129743,https://tools.alertcalifornia.org/fireframes5/digitalpath-redis/Axis-Dewdrop1/2025/256/03/1757732872.000000000.jpg,camera_data/images/img_1129743.jpg,1,Abnormal
1129768,https://tools.alertcalifornia.org/fireframes5/digitalpath-redis/Axis-Dewdrop1/2025/246/04/1756872462.000000000.jpg,camera_data/images/img_1129768.jpg,1,Abnormal
1129844,https://tools.alertcalifornia.org/fireframes5/digitalpath-redis/Axis-Dewdrop1/2025/264/03/1758424059.000000000.jpg,camera_data/images/img_1129844.jpg,1,Abnormal
1129914,https://tools.alertcalifornia.org/fireframes5/digitalpath-redis/Axis-Dewdrop1/2025/250/01/1757207325.000000000.jpg,camera_data/images/img_1129914.jpg,1,Abnormal
1129953,https://tools.alertcalifornia.org/fireframes5/digitalpath-redis/Axis-Dewdrop1/2025/251/03/1757303420.000000000.jpg,camera_data/images/img_1129953.jpg,0,Normal
1129994,https://tools.alertcalifornia.org/fireframes5/digitalpath-redis/Axis-Dewdrop1/2025/258/12/1757937764.000000000.jpg,camera_data/images/img_1129994.jpg,0,Normal
1129999,https://tools.alertcalifornia.org/fireframes5/digitalpath-redis/Axis-Dewdrop1/2025/258/17/1757955895.000000000.jpg,camera_data/images/img_1129999.jpg,0,Normal
1130007,https://tools.alertcalifornia.org/fireframes5/digitalpath-redis/Axis-Dewdrop1/2025/259/01/1757984833.000000000.jpg,camera_data/images/img_1130007.jpg,1,Abnormal
1130043,https://tools.alertcalifornia.org/fireframes5/digitalpath-redis/Axis-Dewdrop1/2025/266/13/1758632536.000000000.jpg,camera_data/images/img_1130043.jpg,1,Abnormal
1130068,https://tools.alertcalifornia.org/fireframes5/digitalpath-redis/Axis-Dewdrop1/2025/265/15/1758553333.000000000.jpg,camera_data/images/img_1130068.jpg,0,Normal
1130102,https://tools.alertcalifornia.org/fireframes5/digitalpath-redis/Axis-Dewdrop1/2025/248/01/1757034417.000000000.jpg,camera_data/images/img_1130102.jpg,1,Abnormal
1130145,https://tools.alertcalifornia.org/fireframes5/digitalpath-redis/Axis-Dewdrop1/2024/330/21/1732568569.000000000.jpg,camera_data/images/img_1130145.jpg,1,Abnormal
1130214,https://tools.alertcalifornia.org/fireframes5/digitalpath-redis/Axis-Dewdrop1/2024/329/19/1732475073.000000000.jpg,camera_data/images/img_1130214.jpg,0,Normal
1130252,https://tools.alertcalifornia.org/fireframes5/digitalpath-redis/Axis-Dewdrop1/2024/314/09/1731142861.000000000.jpg,camera_data/images/img_1130252.jpg,1,Abnormal
1130257,https://tools.alertcalifornia.org/fireframes5/digitalpath-redis/Axis-Dewdrop1/2024/314/14/1731160965.000000000.jpg,camera_data/images/img_1130257.jpg,0,Normal
1130297,https://tools.alertcalifornia.org/fireframes5/digitalpath-redis/Axis-Dewdrop1/2024/331/17/1732640514.000000000.jpg,camera_data/images/img_1130297.jpg,0,Normal
1130442,https://tools.alertcalifornia.org/fireframes5/digitalpath-redis/Axis-Dewdrop1/2024/328/14/1732370542.000000000.jpg,camera_data/images/img_1130442.jpg,1,Abnormal
1130449,https://tools.alertcalifornia.org/fireframes5/digitalpath-redis/Axis-Dewdrop1/2024/328/21/1732395820.000000000.jpg,camera_data/images/img_1130449.jpg,0,Normal
1130513,https://tools.alertcalifornia.org/fireframes5/digitalpath-redis/Axis-Dewdrop1/2024/323/06/1731909865.000000000.jpg,camera_data/images/img_1130513.jpg,1,Abnormal

1130565,https://tools.alertcalifornia.org/fireframes5/digitalpath-redis/Axis-Dewdrop1/2024/326/02/1732154645.000000000.jpg,camera_data/images/img_1130565.jpg,1,Abnormal
1130581,https://tools.alertcalifornia.org/fireframes5/digitalpath-redis/Axis-Dewdrop1/2024/335/18/1732989876.000000000.jpg,camera_data/images/img_1130581.jpg,0,Normal
1130604,https://tools.alertcalifornia.org/fireframes5/digitalpath-redis/Axis-Dewdrop1/2025/151/16/1748707368.000000000.jpg,camera_data/images/img_1130604.jpg,0,Normal
1130700,https://tools.alertcalifornia.org/fireframes5/digitalpath-redis/Axis-Dewdrop1/2025/127/16/1746633885.000000000.jpg,camera_data/images/img_1130700.jpg,0,Normal
1130736,https://tools.alertcalifornia.org/fireframes5/digitalpath-redis/Axis-Dewdrop1/2025/126/16/1746547405.000000000.jpg,camera_data/images/img_1130736.jpg,0,Normal
1130765,https://tools.alertcalifornia.org/fireframes5/digitalpath-redis/Axis-Dewdrop1/2025/136/21/1747429397.000000000.jpg,camera_data/images/img_1130765.jpg,0,Normal
1130874,https://tools.alertcalifornia.org/fireframes5/digitalpath-redis/Axis-Dewdrop1/2025/142/11/1747911688.000000000.jpg,camera_data/images/img_1130874.jpg,0,Normal
1130880,https://tools.alertcalifornia.org/fireframes5/digitalpath-redis/Axis-Dewdrop1/2025/142/17/1747933381.000000000.jpg,camera_data/images/img_1130880.jpg,0,Normal
1130908,https://tools.alertcalifornia.org/fireframes5/digitalpath-redis/Axis-Dewdrop1/2025/143/21/1748034335.000000000.jpg,camera_data/images/img_1130908.jpg,0,Normal
1130933,https://tools.alertcalifornia.org/fireframes5/digitalpath-redis/Axis-Dewdrop1/2025/125/22/1746482637.000000000.jpg,camera_data/images/img_1130933.jpg,0,Normal
1130950,https://tools.alertcalifornia.org/fireframes5/digitalpath-redis/Axis-Dewdrop1/2025/135/15/1747321411.000000000.jpg,camera_data/images/img_1130950.jpg,0,Normal
1130993,https://tools.alertcalifornia.org/fireframes5/digitalpath-redis/Axis-Dewdrop1/2025/129/10/1746784853.000000000.jpg,camera_data/images/img_1130993.jpg,1,Abnormal
1131053,https://tools.alertcalifornia.org/fireframes5/digitalpath-redis/Axis-Dewdrop1/2025/146/23/1748300734.000000000.jpg,camera_data/images/img_1131053.jpg,0,Normal
1131096,https://tools.alertcalifornia.org/fireframes5/digitalpath-redis/Axis-Dewdrop1/2025/129/00/1746749073.000000000.jpg,camera_data/images/img_1131096.jpg,0,Normal
1131109,https://tools.alertcalifornia.org/fireframes5/digitalpath-redis/Axis-Dewdrop1/2025/147/13/1748350874.000000000.jpg,camera_data/images/img_1131109.jpg,0,Normal
1131131,https://tools.alertcalifornia.org/fireframes5/digitalpath-redis/Axis-Dewdrop1/2025/121/11/1746097312.000000000.jpg,camera_data/images/img_1131131.jpg,1,Abnormal
1131200,https://tools.alertcalifornia.org/fireframes5/digitalpath-redis/Axis-Dewdrop1/2025/133/20/1747166729.000000000.jpg,camera_data/images/img_1131200.jpg,1,Abnormal
1131210,https://tools.alertcalifornia.org/fireframes5/digitalpath-redis/Axis-Dewdrop1/2025/134/06/1747202855.000000000.jpg,camera_data/images/img_1131210.jpg,0,Normal
1131268,https://tools.alertcalifornia.org/fireframes5/digitalpath-redis/Axis-Dewdrop1/2025/132/16/1747065793.000000000.jpg,camera_data/images/img_1131268.jpg,0,Normal
1131288,https://tools.alertcalifornia.org/fireframes5/digitalpath-redis/Axis-Dewdrop1/2025/144/12/1748088149.000000000.jpg,camera_data/images/img_1131288.jpg,0,Normal
1131297,https://tools.alertcalifornia.org/fireframes5/digitalpath-redis/Axis-Dewdrop1/2025/144/21/1748120732.000000000.jpg,camera_data/images/img_1131297.jpg,0,Normal
1131399,https://tools.alertcalifornia.org/fireframes5/digitalpath-redis/Axis-Dewdrop1/2024/356/04/1734753912.000000000.jpg,camera_data/images/img_1131399.jpg,1,Abnormal
1131508,https://tools.alertcalifornia.org/fireframes5/digitalpath-redis/Axis-Dewdrop1/2024/342/17/1733590967.000000000.jpg,camera_data/images/img_1131508.jpg,0,Normal
1131584,https://tools.alertcalifornia.org/fireframes5/digitalpath-redis/Axis-Dewdrop1/2024/340/21/1733432745.000000000.jpg,camera_data/images/img_1131584.jpg,0,Normal
1131590,https://tools.alertcalifornia.org/fireframes5/digitalpath-redis/Axis-Dewdrop1/2024/341/03/1733454420.000000000.jpg,camera_data/images/img_1131590.jpg,1,Abnormal
1131603,https://tools.alertcalifornia.org/fireframes5/digitalpath-redis/Axis-Dewdrop1/2024/350/16/1734278492.000000000.jpg,camera_data/images/img_1131603.jpg,0,Normal
1131612,https://tools.alertcalifornia.org/fireframes5/digitalpath-redis/Axis-Dewdrop1/2024/351/01/1734310948.000000000.jpg,camera_data/images/img_1131612.jpg,1,Abnormal
1131613,https://tools.alertcalifornia.org/fireframes5/digitalpath-redis/Axis-Dewdrop1/2024/351/02/1734314551.000000000.jpg,camera_data/images/img_1131613.jpg,0,Normal
1131640,https://tools.alertcalifornia.org/fireframes5/digitalpath-redis/Axis-Dewdrop1/2024/350/05/1734239107.000000000.jpg,camera_data/images/img_1131640.jpg,1,Abnormal
1131662,https://tools.alertcalifornia.org/fireframes5/digitalpath-redis/Axis-Dewdrop1/2024/340/03/1733367956.000000000.jpg,camera_data/images/img_1131662.jpg,1,Abnormal
1131679,https://tools.alertcalifornia.org/fireframes5/digitalpath-redis/Axis-Dewdrop1/2024/357/20/1734898151.000000000.jpg,camera_data/images/img_1131679.jpg,0,Normal
1131703,https://tools.alertcalifornia.org/fireframes5/digitalpath-redis/Axis-Dewdrop1/2024/362/20/1735329884.000000000.jpg,camera_data/images/img_1131703.jpg,1,Abnormal

1131789,https://tools.alertcalifornia.org/fireframes5/digitalpath-redis/Axis-Dewdrop1/2024/346/17/1733936417.000000000.jpg,camera_data/images/img_1131789.jpg,0,Normal
1131805,https://tools.alertcalifornia.org/fireframes5/digitalpath-redis/Axis-Dewdrop1/2024/345/09/1733821249.000000000.jpg,camera_data/images/img_1131805.jpg,1,Abnormal
1131822,https://tools.alertcalifornia.org/fireframes5/digitalpath-redis/Axis-Dewdrop1/2024/361/15/1735225335.000000000.jpg,camera_data/images/img_1131822.jpg,0,Normal
1131855,https://tools.alertcalifornia.org/fireframes5/digitalpath-redis/Axis-Dewdrop1/2024/345/00/1733789027.000000000.jpg,camera_data/images/img_1131855.jpg,0,Normal
1131893,https://tools.alertcalifornia.org/fireframes5/digitalpath-redis/Axis-Dewdrop1/2024/337/14/1733148059.000000000.jpg,camera_data/images/img_1131893.jpg,1,Abnormal
1131906,https://tools.alertcalifornia.org/fireframes5/digitalpath-redis/Axis-Dewdrop1/2024/347/12/1734004873.000000000.jpg,camera_data/images/img_1131906.jpg,1,Abnormal
1131931,https://tools.alertcalifornia.org/fireframes5/digitalpath-redis/Axis-Dewdrop1/2024/359/13/1735045377.000000000.jpg,camera_data/images/img_1131931.jpg,1,Abnormal
1131937,https://tools.alertcalifornia.org/fireframes5/digitalpath-redis/Axis-Dewdrop1/2024/360/13/1735131671.000000000.jpg,camera_data/images/img_1131937.jpg,0,Normal
1131942,https://tools.alertcalifornia.org/fireframes5/digitalpath-redis/Axis-Dewdrop1/2024/360/18/1735149734.000000000.jpg,camera_data/images/img_1131942.jpg,0,Normal
1131988,https://tools.alertcalifornia.org/fireframes5/digitalpath-redis/Axis-Dewdrop1/2024/338/16/1733241729.000000000.jpg,camera_data/images/img_1131988.jpg,0,Normal
1132024,https://tools.alertcalifornia.org/fireframes5/digitalpath-redis/Axis-Dewdrop1/2025/020/04/1737346058.000000000.jpg,camera_data/images/img_1132024.jpg,1,Abnormal
1132028,https://tools.alertcalifornia.org/fireframes5/digitalpath-redis/Axis-Dewdrop1/2025/009/08/1736409604.000000000.jpg,camera_data/images/img_1132028.jpg,0,Normal
1132038,https://tools.alertcalifornia.org/fireframes5/digitalpath-redis/Axis-Dewdrop1/2025/009/18/1736445728.000000000.jpg,camera_data/images/img_1132038.jpg,0,Normal
1132085,https://tools.alertcalifornia.org/fireframes5/digitalpath-redis/Axis-Dewdrop1/2025/010/17/1736528571.000000000.jpg,camera_data/images/img_1132085.jpg,0,Normal
1132105,https://tools.alertcalifornia.org/fireframes5/digitalpath-redis/Axis-Dewdrop1/2025/011/13/1736600498.000000000.jpg,camera_data/images/img_1132105.jpg,1,Abnormal
1132159,https://tools.alertcalifornia.org/fireframes5/digitalpath-redis/Axis-Dewdrop1/2025/008/21/1736370147.000000000.jpg,camera_data/images/img_1132159.jpg,0,Normal
1132200,https://tools.alertcalifornia.org/fireframes5/digitalpath-redis/Axis-Dewdrop1/2025/027/14/1737986538.000000000.jpg,camera_data/images/img_1132200.jpg,0,Normal
1132230,https://tools.alertcalifornia.org/fireframes5/digitalpath-redis/Axis-Dewdrop1/2025/003/20/1735934619.000000000.jpg,camera_data/images/img_1132230.jpg,1,Abnormal
1132258,https://tools.alertcalifornia.org/fireframes5/digitalpath-redis/Axis-Dewdrop1/2025/025/15/1737817278.000000000.jpg,camera_data/images/img_1132258.jpg,0,Normal
1132391,https://tools.alertcalifornia.org/fireframes5/digitalpath-redis/Axis-Dewdrop1/2025/017/12/1737115300.000000000.jpg,camera_data/images/img_1132391.jpg,0,Normal
1132406,https://tools.alertcalifornia.org/fireframes5/digitalpath-redis/Axis-Dewdrop1/2025/018/03/1737169650.000000000.jpg,camera_data/images/img_1132406.jpg,1,Abnormal
1132417,https://tools.alertcalifornia.org/fireframes5/digitalpath-redis/Axis-Dewdrop1/2025/021/14/1737468150.000000000.jpg,camera_data/images/img_1132417.jpg,0,Normal
1132527,https://tools.alertcalifornia.org/fireframes5/digitalpath-redis/Axis-Dewdrop1/2025/016/08/1737014405.000000000.jpg,camera_data/images/img_1132527.jpg,0,Normal
1132578,https://tools.alertcalifornia.org/fireframes5/digitalpath-redis/Axis-Dewdrop1/2025/022/20/1737576286.000000000.jpg,camera_data/images/img_1132578.jpg,0,Normal
1132767,https://tools.alertcalifornia.org/fireframes5/digitalpath-redis/Axis-Dewdrop1/2024/291/04/1729138048.000000000.jpg,camera_data/images/img_1132767.jpg,0,Normal
1132853,https://tools.alertcalifornia.org/fireframes5/digitalpath-redis/Axis-Dewdrop1/2024/288/03/1728875115.000000000.jpg,camera_data/images/img_1132853.jpg,1,Abnormal
1132860,https://tools.alertcalifornia.org/fireframes5/digitalpath-redis/Axis-Dewdrop1/2024/292/10/1729245681.000000000.jpg,camera_data/images/img_1132860.jpg,0,Normal
1132862,https://tools.alertcalifornia.org/fireframes5/digitalpath-redis/Axis-Dewdrop1/2024/292/12/1729252919.000000000.jpg,camera_data/images/img_1132862.jpg,0,Normal
1132928,https://tools.alertcalifornia.org/fireframes5/digitalpath-redis/Axis-Dewdrop1/2024/276/06/1727849230.000000000.jpg,camera_data/images/img_1132928.jpg,0,Normal
1132956,https://tools.alertcalifornia.org/fireframes5/digitalpath-redis/Axis-Dewdrop1/2025/098/08/1744099255.000000000.jpg,camera_data/images/img_1132956.jpg,0,Normal
1132967,https://tools.alertcalifornia.org/fireframes5/digitalpath-redis/Axis-Dewdrop1/2025/098/19/1744139075.000000000.jpg,camera_data/images/img_1132967.jpg,0,Normal
1133097,https://tools.alertcalifornia.org/fireframes5/digitalpath-redis/Axis-Dewdrop1/2025/101/05/1744348080.000000000.jpg,camera_data/images/img_1133097.jpg,1,Abnormal

1133104,https://tools.alertcalifornia.org/fireframes5/digitalpath-redis/Axis-Dewdrop1/2025/109/12/1745064080.000000000.jpg,camera_data/images/img_1133104.jpg,0,Normal
1133119,https://tools.alertcalifornia.org/fireframes5/digitalpath-redis/Axis-Dewdrop1/2025/099/21/1744232685.000000000.jpg,camera_data/images/img_1133119.jpg,0,Normal
1133150,https://tools.alertcalifornia.org/fireframes5/digitalpath-redis/Axis-Dewdrop1/2025/102/07/1744441231.000000000.jpg,camera_data/images/img_1133150.jpg,0,Normal
1133203,https://tools.alertcalifornia.org/fireframes5/digitalpath-redis/Axis-Dewdrop1/2025/114/12/1745496115.000000000.jpg,camera_data/images/img_1133203.jpg,1,Abnormal
1133215,https://tools.alertcalifornia.org/fireframes5/digitalpath-redis/Axis-Dewdrop1/2025/115/00/1745539493.000000000.jpg,camera_data/images/img_1133215.jpg,0,Normal
1133237,https://tools.alertcalifornia.org/fireframes5/digitalpath-redis/Axis-Dewdrop1/2025/115/22/1745618634.000000000.jpg,camera_data/images/img_1133237.jpg,0,Normal
1133293,https://tools.alertcalifornia.org/fireframes5/digitalpath-redis/Axis-Dewdrop1/2025/104/06/1744610915.000000000.jpg,camera_data/images/img_1133293.jpg,0,Normal
1133331,https://tools.alertcalifornia.org/fireframes5/digitalpath-redis/Axis-Dewdrop1/2025/106/20/1744833911.000000000.jpg,camera_data/images/img_1133331.jpg,0,Normal
1133392,https://tools.alertcalifornia.org/fireframes5/digitalpath-redis/Axis-Dewdrop1/2025/110/10/1745143256.000000000.jpg,camera_data/images/img_1133392.jpg,1,Abnormal
1133401,https://tools.alertcalifornia.org/fireframes5/digitalpath-redis/Axis-Dewdrop1/2025/110/19/1745175809.000000000.jpg,camera_data/images/img_1133401.jpg,0,Normal
1133495,https://tools.alertcalifornia.org/fireframes5/digitalpath-redis/Axis-Dewdrop1/2025/107/18/1744912990.000000000.jpg,camera_data/images/img_1133495.jpg,0,Normal
1133532,https://tools.alertcalifornia.org/fireframes5/digitalpath-redis/Axis-Dewdrop1/2025/105/07/1744700412.000000000.jpg,camera_data/images/img_1133532.jpg,0,Normal
1133536,https://tools.alertcalifornia.org/fireframes5/digitalpath-redis/Axis-Dewdrop1/2025/105/11/1744714916.000000000.jpg,camera_data/images/img_1133536.jpg,0,Normal
1133564,https://tools.alertcalifornia.org/fireframes5/digitalpath-redis/Axis-Dewdrop1/2025/095/16/1743868942.000000000.jpg,camera_data/images/img_1133564.jpg,0,Normal
1133578,https://tools.alertcalifornia.org/fireframes5/digitalpath-redis/Axis-Dewdrop1/2025/096/06/1743919696.000000000.jpg,camera_data/images/img_1133578.jpg,0,Normal
1133579,https://tools.alertcalifornia.org/fireframes5/digitalpath-redis/Axis-Dewdrop1/2025/094/07/1743750005.000000000.jpg,camera_data/images/img_1133579.jpg,1,Abnormal
1133631,https://tools.alertcalifornia.org/fireframes5/digitalpath-redis/Axis-Dewdrop1/2025/112/11/1745319656.000000000.jpg,camera_data/images/img_1133631.jpg,1,Abnormal
1103715,https://tools.alertcalifornia.org/fireframes5/digitalpath-redis/Axis-Berryessa/2024/304/19/1730314935.000000000.jpg,camera_data/images/img_1103715.jpg,1,Abnormal
1103736,https://tools.alertcalifornia.org/fireframes5/digitalpath-redis/Axis-Berryessa/2024/303/16/1730217769.000000000.jpg,camera_data/images/img_1103736.jpg,0,Normal
1103782,https://tools.alertcalifornia.org/fireframes5/digitalpath-redis/Axis-Berryessa/2024/301/13/1730034105.000000000.jpg,camera_data/images/img_1103782.jpg,1,Abnormal
1103792,https://tools.alertcalifornia.org/fireframes5/digitalpath-redis/Axis-Berryessa/2024/301/23/1730070316.000000000.jpg,camera_data/images/img_1103792.jpg,1,Abnormal
1103827,https://tools.alertcalifornia.org/fireframes5/digitalpath-redis/Axis-Berryessa/2024/306/10/1730455253.000000000.jpg,camera_data/images/img_1103827.jpg,0,Normal
1103881,https://tools.alertcalifornia.org/fireframes5/digitalpath-redis/Axis-Berryessa/2024/313/17/1731085362.000000000.jpg,camera_data/images/img_1103881.jpg,1,Abnormal
1103909,https://tools.alertcalifornia.org/fireframes5/digitalpath-redis/Axis-Berryessa/2024/332/21/1732741507.000000000.jpg,camera_data/images/img_1103909.jpg,1,Abnormal
1103930,https://tools.alertcalifornia.org/fireframes5/digitalpath-redis/Axis-Berryessa/2024/314/18/1731175422.000000000.jpg,camera_data/images/img_1103930.jpg,1,Abnormal
1103937,https://tools.alertcalifornia.org/fireframes5/digitalpath-redis/Axis-Berryessa/2024/315/01/1731200918.000000000.jpg,camera_data/images/img_1103937.jpg,0,Normal
1103992,https://tools.alertcalifornia.org/fireframes5/digitalpath-redis/Axis-Berryessa/2024/329/08/1732435206.000000000.jpg,camera_data/images/img_1103992.jpg,1,Abnormal
1104001,https://tools.alertcalifornia.org/fireframes5/digitalpath-redis/Axis-Berryessa/2024/329/17/1732467698.000000000.jpg,camera_data/images/img_1104001.jpg,1,Abnormal
1104017,https://tools.alertcalifornia.org/fireframes5/digitalpath-redis/Axis-Berryessa/2024/307/08/1730534414.000000000.jpg,camera_data/images/img_1104017.jpg,1,Abnormal
1104029,https://tools.alertcalifornia.org/fireframes5/digitalpath-redis/Axis-Berryessa/2024/307/20/1730577794.000000000.jpg,camera_data/images/img_1104029.jpg,1,Abnormal
1104036,https://tools.alertcalifornia.org/fireframes5/digitalpath-redis/Axis-Berryessa/2024/308/03/1730603229.000000000.jpg,camera_data/images/img_1104036.jpg,1,Abnormal
1104083,https://tools.alertcalifornia.org/fireframes5/digitalpath-redis/Axis-Berryessa/2024/319/03/1731553487.000000000.jpg,camera_data/images/img_1104083.jpg,1,Abnormal

1104100,https://tools.alertcalifornia.org/fireframes5/digitalpath-redis/Axis-Berryessa/2024/308/19/1730660628.000000000.jpg,camera_data/images/img_1104100.jpg,0,Normal
1104201,https://tools.alertcalifornia.org/fireframes5/digitalpath-redis/Axis-Berryessa/2024/335/01/1732928732.000000000.jpg,camera_data/images/img_1104201.jpg,1,Abnormal
1104202,https://tools.alertcalifornia.org/fireframes5/digitalpath-redis/Axis-Berryessa/2024/335/02/1732932342.000000000.jpg,camera_data/images/img_1104202.jpg,1,Abnormal
1104215,https://tools.alertcalifornia.org/fireframes5/digitalpath-redis/Axis-Berryessa/2024/311/15/1730905310.000000000.jpg,camera_data/images/img_1104215.jpg,0,Normal
1104249,https://tools.alertcalifornia.org/fireframes5/digitalpath-redis/Axis-Berryessa/2024/322/01/1731805638.000000000.jpg,camera_data/images/img_1104249.jpg,1,Abnormal
1104282,https://tools.alertcalifornia.org/fireframes5/digitalpath-redis/Axis-Berryessa/2024/322/10/1731837611.000000000.jpg,camera_data/images/img_1104282.jpg,0,Normal
1104381,https://tools.alertcalifornia.org/fireframes5/digitalpath-redis/Axis-Berryessa/2024/321/01/1731719193.000000000.jpg,camera_data/images/img_1104381.jpg,1,Abnormal
1104383,https://tools.alertcalifornia.org/fireframes5/digitalpath-redis/Axis-Berryessa/2024/321/03/1731726401.000000000.jpg,camera_data/images/img_1104383.jpg,0,Normal
1104530,https://tools.alertcalifornia.org/fireframes5/digitalpath-redis/Axis-Berryessa/2024/339/18/1733335342.000000000.jpg,camera_data/images/img_1104530.jpg,1,Abnormal
1104534,https://tools.alertcalifornia.org/fireframes5/digitalpath-redis/Axis-Berryessa/2024/339/22/1733349796.000000000.jpg,camera_data/images/img_1104534.jpg,1,Abnormal
1104547,https://tools.alertcalifornia.org/fireframes5/digitalpath-redis/Axis-Berryessa/2024/340/11/1733396486.000000000.jpg,camera_data/images/img_1104547.jpg,1,Abnormal
1104593,https://tools.alertcalifornia.org/fireframes5/digitalpath-redis/Axis-Berryessa/2024/358/23/1734994972.000000000.jpg,camera_data/images/img_1104593.jpg,1,Abnormal
1104621,https://tools.alertcalifornia.org/fireframes5/digitalpath-redis/Axis-Berryessa/2024/353/03/1734491201.000000000.jpg,camera_data/images/img_1104621.jpg,1,Abnormal
1104679,https://tools.alertcalifornia.org/fireframes5/digitalpath-redis/Axis-Berryessa/2025/001/03/1735700742.000000000.jpg,camera_data/images/img_1104679.jpg,0,Normal
1104693,https://tools.alertcalifornia.org/fireframes5/digitalpath-redis/Axis-Berryessa/2024/356/17/1734800524.000000000.jpg,camera_data/images/img_1104693.jpg,1,Abnormal
1104702,https://tools.alertcalifornia.org/fireframes5/digitalpath-redis/Axis-Berryessa/2024/357/02/1734833074.000000000.jpg,camera_data/images/img_1104702.jpg,1,Abnormal
1104704,https://tools.alertcalifornia.org/fireframes5/digitalpath-redis/Axis-Berryessa/2024/357/04/1734840296.000000000.jpg,camera_data/images/img_1104704.jpg,1,Abnormal
1104751,https://tools.alertcalifornia.org/fireframes5/digitalpath-redis/Axis-Berryessa/2024/341/16/1733500831.000000000.jpg,camera_data/images/img_1104751.jpg,1,Abnormal
1104758,https://tools.alertcalifornia.org/fireframes5/digitalpath-redis/Axis-Berryessa/2024/341/23/1733526282.000000000.jpg,camera_data/images/img_1104758.jpg,1,Abnormal
1104793,https://tools.alertcalifornia.org/fireframes5/digitalpath-redis/Axis-Berryessa/2024/364/10/1735466460.000000000.jpg,camera_data/images/img_1104793.jpg,1,Abnormal
1104794,https://tools.alertcalifornia.org/fireframes5/digitalpath-redis/Axis-Berryessa/2024/364/11/1735470067.000000000.jpg,camera_data/images/img_1104794.jpg,1,Abnormal
1104828,https://tools.alertcalifornia.org/fireframes5/digitalpath-redis/Axis-Berryessa/2024/348/21/1734123823.000000000.jpg,camera_data/images/img_1104828.jpg,1,Abnormal
1104884,https://tools.alertcalifornia.org/fireframes5/digitalpath-redis/Axis-Berryessa/2024/359/22/1735077851.000000000.jpg,camera_data/images/img_1104884.jpg,1,Abnormal
1104894,https://tools.alertcalifornia.org/fireframes5/digitalpath-redis/Axis-Berryessa/2024/337/09/1733130013.000000000.jpg,camera_data/images/img_1104894.jpg,1,Abnormal
1104905,https://tools.alertcalifornia.org/fireframes5/digitalpath-redis/Axis-Berryessa/2024/337/20/1733169749.000000000.jpg,camera_data/images/img_1104905.jpg,1,Abnormal
1104952,https://tools.alertcalifornia.org/fireframes5/digitalpath-redis/Axis-Berryessa/2024/361/20/1735243327.000000000.jpg,camera_data/images/img_1104952.jpg,1,Abnormal
1104982,https://tools.alertcalifornia.org/fireframes5/digitalpath-redis/Axis-Berryessa/2024/345/05/1733807307.000000000.jpg,camera_data/images/img_1104982.jpg,0,Normal
1105092,https://tools.alertcalifornia.org/fireframes5/digitalpath-redis/Axis-Berryessa/2024/353/08/1734508804.000000000.jpg,camera_data/images/img_1105092.jpg,0,Normal
1105099,https://tools.alertcalifornia.org/fireframes5/digitalpath-redis/Axis-Berryessa/2024/353/15/1734534059.000000000.jpg,camera_data/images/img_1105099.jpg,1,Abnormal
1105207,https://tools.alertcalifornia.org/fireframes5/digitalpath-redis/Axis-Berryessa/2025/025/18/1737828208.000000000.jpg,camera_data/images/img_1105207.jpg,1,Abnormal
1105225,https://tools.alertcalifornia.org/fireframes5/digitalpath-redis/Axis-Berryessa/2025/003/13/1735909248.000000000.jpg,camera_data/images/img_1105225.jpg,1,Abnormal
1105316,https://tools.alertcalifornia.org/fireframes5/digitalpath-redis/Axis-Berryessa/2025/027/10/1737972049.000000000.jpg,camera_data/images/img_1105316.jpg,0,Normal

1105371,https://tools.alertcalifornia.org/fireframes5/digitalpath-redis/Axis-Berryessa/2025/010/10/1736503257.000000000.jpg,camera_data/images/img_1105371.jpg,0,Normal
1105382,https://tools.alertcalifornia.org/fireframes5/digitalpath-redis/Axis-Berryessa/2025/010/21/1736543028.000000000.jpg,camera_data/images/img_1105382.jpg,1,Abnormal
1105457,https://tools.alertcalifornia.org/fireframes5/digitalpath-redis/Axis-Berryessa/2025/027/00/1737936275.000000000.jpg,camera_data/images/img_1105457.jpg,1,Abnormal
1105489,https://tools.alertcalifornia.org/fireframes5/digitalpath-redis/Axis-Berryessa/2025/015/08/1736928005.000000000.jpg,camera_data/images/img_1105489.jpg,0,Normal
1105492,https://tools.alertcalifornia.org/fireframes5/digitalpath-redis/Axis-Berryessa/2025/015/11/1736938836.000000000.jpg,camera_data/images/img_1105492.jpg,0,Normal
1105650,https://tools.alertcalifornia.org/fireframes5/digitalpath-redis/Axis-Berryessa/2025/006/23/1736204671.000000000.jpg,camera_data/images/img_1105650.jpg,1,Abnormal
1105679,https://tools.alertcalifornia.org/fireframes5/digitalpath-redis/Axis-Berryessa/2025/031/05/1738300154.000000000.jpg,camera_data/images/img_1105679.jpg,0,Normal
1105713,https://tools.alertcalifornia.org/fireframes5/digitalpath-redis/Axis-Berryessa/2025/021/18/1737482538.000000000.jpg,camera_data/images/img_1105713.jpg,1,Abnormal
1105733,https://tools.alertcalifornia.org/fireframes5/digitalpath-redis/Axis-Berryessa/2025/032/02/1738375433.000000000.jpg,camera_data/images/img_1105733.jpg,1,Abnormal
1105757,https://tools.alertcalifornia.org/fireframes5/digitalpath-redis/Axis-Berryessa/2025/029/02/1738116345.000000000.jpg,camera_data/images/img_1105757.jpg,1,Abnormal
1105760,https://tools.alertcalifornia.org/fireframes5/digitalpath-redis/Axis-Berryessa/2025/029/05/1738127160.000000000.jpg,camera_data/images/img_1105760.jpg,1,Abnormal
1105775,https://tools.alertcalifornia.org/fireframes5/digitalpath-redis/Axis-Berryessa/2025/007/20/1736280214.000000000.jpg,camera_data/images/img_1105775.jpg,1,Abnormal
1105831,https://tools.alertcalifornia.org/fireframes5/digitalpath-redis/Axis-Berryessa/2025/053/05/1740200885.000000000.jpg,camera_data/images/img_1105831.jpg,0,Normal
1105854,https://tools.alertcalifornia.org/fireframes5/digitalpath-redis/Axis-Berryessa/2025/039/04/1738987529.000000000.jpg,camera_data/images/img_1105854.jpg,0,Normal
1105864,https://tools.alertcalifornia.org/fireframes5/digitalpath-redis/Axis-Berryessa/2025/059/14/1740751319.000000000.jpg,camera_data/images/img_1105864.jpg,1,Abnormal
1105870,https://tools.alertcalifornia.org/fireframes5/digitalpath-redis/Axis-Berryessa/2025/059/20/1740773059.000000000.jpg,camera_data/images/img_1105870.jpg,1,Abnormal
1105925,https://tools.alertcalifornia.org/fireframes5/digitalpath-redis/Axis-Berryessa/2025/035/15/1738681331.000000000.jpg,camera_data/images/img_1105925.jpg,1,Abnormal
1106015,https://tools.alertcalifornia.org/fireframes5/digitalpath-redis/Axis-Berryessa/2025/046/09/1739610056.000000000.jpg,camera_data/images/img_1106015.jpg,0,Normal
1106020,https://tools.alertcalifornia.org/fireframes5/digitalpath-redis/Axis-Berryessa/2025/046/14/1739628134.000000000.jpg,camera_data/images/img_1106020.jpg,1,Abnormal
1106071,https://tools.alertcalifornia.org/fireframes5/digitalpath-redis/Axis-Berryessa/2025/041/17/1739206912.000000000.jpg,camera_data/images/img_1106071.jpg,1,Abnormal
1106072,https://tools.alertcalifornia.org/fireframes5/digitalpath-redis/Axis-Berryessa/2025/041/18/1739210512.000000000.jpg,camera_data/images/img_1106072.jpg,1,Abnormal
1106152,https://tools.alertcalifornia.org/fireframes5/digitalpath-redis/Axis-Berryessa/2025/039/21/1739048723.000000000.jpg,camera_data/images/img_1106152.jpg,1,Abnormal
1106229,https://tools.alertcalifornia.org/fireframes5/digitalpath-redis/Axis-Berryessa/2025/056/08/1740470404.000000000.jpg,camera_data/images/img_1106229.jpg,1,Abnormal
1106235,https://tools.alertcalifornia.org/fireframes5/digitalpath-redis/Axis-Berryessa/2025/056/14/1740492132.000000000.jpg,camera_data/images/img_1106235.jpg,0,Normal
1106293,https://tools.alertcalifornia.org/fireframes5/digitalpath-redis/Axis-Berryessa/2025/045/00/1739491395.000000000.jpg,camera_data/images/img_1106293.jpg,1,Abnormal
1106312,https://tools.alertcalifornia.org/fireframes5/digitalpath-redis/Axis-Berryessa/2025/043/19/1739387095.000000000.jpg,camera_data/images/img_1106312.jpg,1,Abnormal
1106320,https://tools.alertcalifornia.org/fireframes5/digitalpath-redis/Axis-Berryessa/2025/033/14/1738504885.000000000.jpg,camera_data/images/img_1106320.jpg,1,Abnormal
1106323,https://tools.alertcalifornia.org/fireframes5/digitalpath-redis/Axis-Berryessa/2025/033/17/1738515708.000000000.jpg,camera_data/images/img_1106323.jpg,1,Abnormal
1106387,https://tools.alertcalifornia.org/fireframes5/digitalpath-redis/Axis-Berryessa/2025/077/08/1742284814.000000000.jpg,camera_data/images/img_1106387.jpg,0,Normal
1106468,https://tools.alertcalifornia.org/fireframes5/digitalpath-redis/Axis-Berryessa/2025/070/19/1741719759.000000000.jpg,camera_data/images/img_1106468.jpg,1,Abnormal
1106578,https://tools.alertcalifornia.org/fireframes5/digitalpath-redis/Axis-Berryessa/2025/061/18/1740938519.000000000.jpg,camera_data/images/img_1106578.jpg,0,Normal
1106582,https://tools.alertcalifornia.org/fireframes5/digitalpath-redis/Axis-Berryessa/2025/061/22/1740953090.000000000.jpg,camera_data/images/img_1106582.jpg,1,Abnormal

1106599,https://tools.alertcalifornia.org/fireframes5/digitalpath-redis/Axis-Berryessa/2025/071/14/1741788062.000000000.jpg,camera_data/images/img_1106599.jpg,1,Abnormal
1106658,https://tools.alertcalifornia.org/fireframes5/digitalpath-redis/Axis-Berryessa/2025/085/02/1742954814.000000000.jpg,camera_data/images/img_1106658.jpg,1,Abnormal
1106707,https://tools.alertcalifornia.org/fireframes5/digitalpath-redis/Axis-Berryessa/2025/063/04/1741061143.000000000.jpg,camera_data/images/img_1106707.jpg,0,Normal
1106714,https://tools.alertcalifornia.org/fireframes5/digitalpath-redis/Axis-Berryessa/2025/065/11/1741258835.000000000.jpg,camera_data/images/img_1106714.jpg,0,Normal
1106810,https://tools.alertcalifornia.org/fireframes5/digitalpath-redis/Axis-Berryessa/2025/089/10/1743328867.000000000.jpg,camera_data/images/img_1106810.jpg,1,Abnormal
1106829,https://tools.alertcalifornia.org/fireframes5/digitalpath-redis/Axis-Berryessa/2025/090/05/1743397583.000000000.jpg,camera_data/images/img_1106829.jpg,1,Abnormal
1106860,https://tools.alertcalifornia.org/fireframes5/digitalpath-redis/Axis-Berryessa/2025/080/12/1742558468.000000000.jpg,camera_data/images/img_1106860.jpg,0,Normal
1106945,https://tools.alertcalifornia.org/fireframes5/digitalpath-redis/Axis-Berryessa/2025/082/09/1742720420.000000000.jpg,camera_data/images/img_1106945.jpg,0,Normal
1107020,https://tools.alertcalifornia.org/fireframes5/digitalpath-redis/Axis-Berryessa/2025/073/12/1741953695.000000000.jpg,camera_data/images/img_1107020.jpg,1,Abnormal
1107050,https://tools.alertcalifornia.org/fireframes5/digitalpath-redis/Axis-Berryessa/2025/063/19/1741114979.000000000.jpg,camera_data/images/img_1107050.jpg,1,Abnormal
1107072,https://tools.alertcalifornia.org/fireframes5/digitalpath-redis/Axis-Berryessa/2025/081/16/1742659384.000000000.jpg,camera_data/images/img_1107072.jpg,1,Abnormal
1107082,https://tools.alertcalifornia.org/fireframes5/digitalpath-redis/Axis-Berryessa/2025/082/02/1742695514.000000000.jpg,camera_data/images/img_1107082.jpg,1,Abnormal
1107100,https://tools.alertcalifornia.org/fireframes5/digitalpath-redis/Axis-Berryessa/2025/093/20/1743710746.000000000.jpg,camera_data/images/img_1107100.jpg,0,Normal
1107133,https://tools.alertcalifornia.org/fireframes5/digitalpath-redis/Axis-Berryessa/2025/104/05/1744607358.000000000.jpg,camera_data/images/img_1107133.jpg,0,Normal
1107194,https://tools.alertcalifornia.org/fireframes5/digitalpath-redis/Axis-Berryessa/2025/109/14/1745071347.000000000.jpg,camera_data/images/img_1107194.jpg,1,Abnormal
1107208,https://tools.alertcalifornia.org/fireframes5/digitalpath-redis/Axis-Berryessa/2025/110/04/1745122203.000000000.jpg,camera_data/images/img_1107208.jpg,0,Normal
1107267,https://tools.alertcalifornia.org/fireframes5/digitalpath-redis/Axis-Berryessa/2025/100/15/1744297353.000000000.jpg,camera_data/images/img_1107267.jpg,1,Abnormal
1107289,https://tools.alertcalifornia.org/fireframes5/digitalpath-redis/Axis-Berryessa/2025/102/04/1744430769.000000000.jpg,camera_data/images/img_1107289.jpg,1,Abnormal
1107293,https://tools.alertcalifornia.org/fireframes5/digitalpath-redis/Axis-Berryessa/2025/091/08/1743494415.000000000.jpg,camera_data/images/img_1107293.jpg,1,Abnormal
1107324,https://tools.alertcalifornia.org/fireframes5/digitalpath-redis/Axis-Berryessa/2025/098/15/1744124437.000000000.jpg,camera_data/images/img_1107324.jpg,1,Abnormal
1107336,https://tools.alertcalifornia.org/fireframes5/digitalpath-redis/Axis-Berryessa/2025/099/03/1744167933.000000000.jpg,camera_data/images/img_1107336.jpg,1,Abnormal
1107339,https://tools.alertcalifornia.org/fireframes5/digitalpath-redis/Axis-Berryessa/2025/099/06/1744178772.000000000.jpg,camera_data/images/img_1107339.jpg,0,Normal
1107367,https://tools.alertcalifornia.org/fireframes5/digitalpath-redis/Axis-Berryessa/2025/117/10/1745748030.000000000.jpg,camera_data/images/img_1107367.jpg,1,Abnormal
1107373,https://tools.alertcalifornia.org/fireframes5/digitalpath-redis/Axis-Berryessa/2025/117/16/1745769661.000000000.jpg,camera_data/images/img_1107373.jpg,1,Abnormal
1107376,https://tools.alertcalifornia.org/fireframes5/digitalpath-redis/Axis-Berryessa/2025/117/19/1745780485.000000000.jpg,camera_data/images/img_1107376.jpg,1,Abnormal
1107423,https://tools.alertcalifornia.org/fireframes5/digitalpath-redis/Axis-Berryessa/2025/094/18/1743789920.000000000.jpg,camera_data/images/img_1107423.jpg,0,Normal
1107437,https://tools.alertcalifornia.org/fireframes5/digitalpath-redis/Axis-Berryessa/2025/104/08/1744617651.000000000.jpg,camera_data/images/img_1107437.jpg,0,Normal
1107476,https://tools.alertcalifornia.org/fireframes5/digitalpath-redis/Axis-Berryessa/2025/095/09/1743843630.000000000.jpg,camera_data/images/img_1107476.jpg,1,Abnormal
1107513,https://tools.alertcalifornia.org/fireframes5/digitalpath-redis/Axis-Berryessa/2025/113/22/1745445921.000000000.jpg,camera_data/images/img_1107513.jpg,0,Normal
1107527,https://tools.alertcalifornia.org/fireframes5/digitalpath-redis/Axis-Berryessa/2025/118/12/1745841757.000000000.jpg,camera_data/images/img_1107527.jpg,1,Abnormal
1107549,https://tools.alertcalifornia.org/fireframes5/digitalpath-redis/Axis-Berryessa/2025/097/10/1744020013.000000000.jpg,camera_data/images/img_1107549.jpg,1,Abnormal
1107571,https://tools.alertcalifornia.org/fireframes5/digitalpath-redis/Axis-Berryessa/2025/107/08/1744876836.000000000.jpg,camera_data/images/img_1107571.jpg,1,Abnormal

1107589,https://tools.alertcalifornia.org/fireframes5/digitalpath-redis/Axis-Berryessa/2025/108/02/1744941867.000000000.jpg,camera_data/images/img_1107589.jpg,1,Abnormal
1107644,https://tools.alertcalifornia.org/fireframes5/digitalpath-redis/Axis-Berryessa/2025/110/23/1745190410.000000000.jpg,camera_data/images/img_1107644.jpg,1,Abnormal
1107645,https://tools.alertcalifornia.org/fireframes5/digitalpath-redis/Axis-Berryessa/2025/111/00/1745194050.000000000.jpg,camera_data/images/img_1107645.jpg,1,Abnormal
1107708,https://tools.alertcalifornia.org/fireframes5/digitalpath-redis/Axis-Berryessa/2025/125/14/1746453727.000000000.jpg,camera_data/images/img_1107708.jpg,0,Normal
1107712,https://tools.alertcalifornia.org/fireframes5/digitalpath-redis/Axis-Berryessa/2025/125/18/1746469647.000000000.jpg,camera_data/images/img_1107712.jpg,0,Normal
1107758,https://tools.alertcalifornia.org/fireframes5/digitalpath-redis/Axis-Berryessa/2025/143/16/1748016102.000000000.jpg,camera_data/images/img_1107758.jpg,1,Abnormal
1107765,https://tools.alertcalifornia.org/fireframes5/digitalpath-redis/Axis-Berryessa/2025/143/23/1748041362.000000000.jpg,camera_data/images/img_1107765.jpg,1,Abnormal
1107818,https://tools.alertcalifornia.org/fireframes5/digitalpath-redis/Axis-Berryessa/2025/135/04/1747281959.000000000.jpg,camera_data/images/img_1107818.jpg,0,Normal
1107838,https://tools.alertcalifornia.org/fireframes5/digitalpath-redis/Axis-Berryessa/2025/125/01/1746407341.000000000.jpg,camera_data/images/img_1107838.jpg,0,Normal
1107859,https://tools.alertcalifornia.org/fireframes5/digitalpath-redis/Axis-Berryessa/2025/140/23/1747782269.000000000.jpg,camera_data/images/img_1107859.jpg,1,Abnormal
1107862,https://tools.alertcalifornia.org/fireframes5/digitalpath-redis/Axis-Berryessa/2025/141/02/1747793125.000000000.jpg,camera_data/images/img_1107862.jpg,0,Normal
1108001,https://tools.alertcalifornia.org/fireframes5/digitalpath-redis/Axis-Berryessa/2025/127/16/1746633800.000000000.jpg,camera_data/images/img_1108001.jpg,1,Abnormal
1108027,https://tools.alertcalifornia.org/fireframes5/digitalpath-redis/Axis-Berryessa/2025/152/02/1748743402.000000000.jpg,camera_data/images/img_1108027.jpg,0,Normal
1108038,https://tools.alertcalifornia.org/fireframes5/digitalpath-redis/Axis-Berryessa/2025/141/13/1747832492.000000000.jpg,camera_data/images/img_1108038.jpg,1,Abnormal
1108039,https://tools.alertcalifornia.org/fireframes5/digitalpath-redis/Axis-Berryessa/2025/141/14/1747836128.000000000.jpg,camera_data/images/img_1108039.jpg,0,Normal
1108107,https://tools.alertcalifornia.org/fireframes5/digitalpath-redis/Axis-Berryessa/2025/132/23/1747091186.000000000.jpg,camera_data/images/img_1108107.jpg,1,Abnormal
1108114,https://tools.alertcalifornia.org/fireframes5/digitalpath-redis/Axis-Berryessa/2025/133/06/1747116552.000000000.jpg,camera_data/images/img_1108114.jpg,1,Abnormal
1108143,https://tools.alertcalifornia.org/fireframes5/digitalpath-redis/Axis-Berryessa/2025/123/12/1746273690.000000000.jpg,camera_data/images/img_1108143.jpg,1,Abnormal
1108182,https://tools.alertcalifornia.org/fireframes5/digitalpath-redis/Axis-Berryessa/2025/121/17/1746118950.000000000.jpg,camera_data/images/img_1108182.jpg,1,Abnormal
1108215,https://tools.alertcalifornia.org/fireframes5/digitalpath-redis/Axis-Berryessa/2025/138/14/1747577053.000000000.jpg,camera_data/images/img_1108215.jpg,0,Normal
1108250,https://tools.alertcalifornia.org/fireframes5/digitalpath-redis/Axis-Berryessa/2025/129/01/1746752847.000000000.jpg,camera_data/images/img_1108250.jpg,1,Abnormal
1108267,https://tools.alertcalifornia.org/fireframes5/digitalpath-redis/Axis-Berryessa/2025/129/07/1746774010.000000000.jpg,camera_data/images/img_1108267.jpg,0,Normal
1108290,https://tools.alertcalifornia.org/fireframes5/digitalpath-redis/Axis-Berryessa/2025/139/14/1747663352.000000000.jpg,camera_data/images/img_1108290.jpg,1,Abnormal
1108296,https://tools.alertcalifornia.org/fireframes5/digitalpath-redis/Axis-Berryessa/2025/139/20/1747685027.000000000.jpg,camera_data/images/img_1108296.jpg,1,Abnormal
1108336,https://tools.alertcalifornia.org/fireframes5/digitalpath-redis/Axis-Berryessa/2025/131/05/1746939904.000000000.jpg,camera_data/images/img_1108336.jpg,0,Normal
1108408,https://tools.alertcalifornia.org/fireframes5/digitalpath-redis/Axis-Berryessa/2025/161/18/1749578519.000000000.jpg,camera_data/images/img_1108408.jpg,0,Normal
1108487,https://tools.alertcalifornia.org/fireframes5/digitalpath-redis/Axis-Berryessa/2025/159/13/1749387729.000000000.jpg,camera_data/images/img_1108487.jpg,1,Abnormal
1108500,https://tools.alertcalifornia.org/fireframes5/digitalpath-redis/Axis-Berryessa/2025/160/02/1749434661.000000000.jpg,camera_data/images/img_1108500.jpg,1,Abnormal
1108530,https://tools.alertcalifornia.org/fireframes5/digitalpath-redis/Axis-Berryessa/2025/154/08/1748937621.000000000.jpg,camera_data/images/img_1108530.jpg,0,Normal
1108593,https://tools.alertcalifornia.org/fireframes5/digitalpath-redis/Axis-Berryessa/2025/153/20/1748894593.000000000.jpg,camera_data/images/img_1108593.jpg,1,Abnormal
1108612,https://tools.alertcalifornia.org/fireframes5/digitalpath-redis/Axis-Berryessa/2025/163/23/1749769435.000000000.jpg,camera_data/images/img_1108612.jpg,1,Abnormal
1108617,https://tools.alertcalifornia.org/fireframes5/digitalpath-redis/Axis-Berryessa/2025/164/04/1749787480.000000000.jpg,camera_data/images/img_1108617.jpg,0,Normal

1108654,https://tools.alertcalifornia.org/fireframes5/digitalpath-redis/Axis-Berryessa/2025/158/17/1749315820.000000000.jpg,camera_data/images/img_1108654.jpg,1,Abnormal
1108708,https://tools.alertcalifornia.org/fireframes5/digitalpath-redis/Axis-Berryessa/2025/172/23/1750547035.000000000.jpg,camera_data/images/img_1108708.jpg,1,Abnormal
1108720,https://tools.alertcalifornia.org/fireframes5/digitalpath-redis/Axis-Berryessa/2025/171/11/1750417226.000000000.jpg,camera_data/images/img_1108720.jpg,0,Normal
1108737,https://tools.alertcalifornia.org/fireframes5/digitalpath-redis/Axis-Berryessa/2025/172/04/1750478745.000000000.jpg,camera_data/images/img_1108737.jpg,0,Normal
1108758,https://tools.alertcalifornia.org/fireframes5/digitalpath-redis/Axis-Berryessa/2025/182/01/1751331850.000000000.jpg,camera_data/images/img_1108758.jpg,0,Normal
1108811,https://tools.alertcalifornia.org/fireframes5/digitalpath-redis/Axis-Berryessa/2025/181/02/1751249226.000000000.jpg,camera_data/images/img_1108811.jpg,0,Normal
1108840,https://tools.alertcalifornia.org/fireframes5/digitalpath-redis/Axis-Berryessa/2025/165/08/1749888062.000000000.jpg,camera_data/images/img_1108840.jpg,0,Normal
1108909,https://tools.alertcalifornia.org/fireframes5/digitalpath-redis/Axis-Berryessa/2025/157/06/1749189842.000000000.jpg,camera_data/images/img_1108909.jpg,0,Normal
1109034,https://tools.alertcalifornia.org/fireframes5/digitalpath-redis/Axis-Berryessa/2025/210/23/1753830272.000000000.jpg,camera_data/images/img_1109034.jpg,0,Normal
1109112,https://tools.alertcalifornia.org/fireframes5/digitalpath-redis/Axis-Berryessa/2025/212/17/1753981362.000000000.jpg,camera_data/images/img_1109112.jpg,0,Normal
1109189,https://tools.alertcalifornia.org/fireframes5/digitalpath-redis/Axis-Berryessa/2025/204/05/1753247007.000000000.jpg,camera_data/images/img_1109189.jpg,1,Abnormal
1109356,https://tools.alertcalifornia.org/fireframes5/digitalpath-redis/Axis-Berryessa/2025/191/14/1752156103.000000000.jpg,camera_data/images/img_1109356.jpg,0,Normal
1109388,https://tools.alertcalifornia.org/fireframes5/digitalpath-redis/Axis-Berryessa/2025/205/22/1753394609.000000000.jpg,camera_data/images/img_1109388.jpg,1,Abnormal
1109414,https://tools.alertcalifornia.org/fireframes5/digitalpath-redis/Axis-Berryessa/2025/194/00/1752364992.000000000.jpg,camera_data/images/img_1109414.jpg,0,Normal
1109430,https://tools.alertcalifornia.org/fireframes5/digitalpath-redis/Axis-Berryessa/2025/183/16/1751472139.000000000.jpg,camera_data/images/img_1109430.jpg,1,Abnormal
1109442,https://tools.alertcalifornia.org/fireframes5/digitalpath-redis/Axis-Berryessa/2025/184/04/1751515476.000000000.jpg,camera_data/images/img_1109442.jpg,0,Normal
1109449,https://tools.alertcalifornia.org/fireframes5/digitalpath-redis/Axis-Berryessa/2025/184/11/1751540438.000000000.jpg,camera_data/images/img_1109449.jpg,0,Normal
1109470,https://tools.alertcalifornia.org/fireframes5/digitalpath-redis/Axis-Berryessa/2025/194/19/1752433347.000000000.jpg,camera_data/images/img_1109470.jpg,0,Normal
1109480,https://tools.alertcalifornia.org/fireframes5/digitalpath-redis/Axis-Berryessa/2025/195/05/1752469455.000000000.jpg,camera_data/images/img_1109480.jpg,1,Abnormal
1109486,https://tools.alertcalifornia.org/fireframes5/digitalpath-redis/Axis-Berryessa/2025/206/11/1753441263.000000000.jpg,camera_data/images/img_1109486.jpg,1,Abnormal
1109534,https://tools.alertcalifornia.org/fireframes5/digitalpath-redis/Axis-Berryessa/2025/217/18/1754416966.000000000.jpg,camera_data/images/img_1109534.jpg,0,Normal
1109540,https://tools.alertcalifornia.org/fireframes5/digitalpath-redis/Axis-Berryessa/2025/218/00/1754438658.000000000.jpg,camera_data/images/img_1109540.jpg,0,Normal
1109600,https://tools.alertcalifornia.org/fireframes5/digitalpath-redis/Axis-Berryessa/2025/217/01/1754355873.000000000.jpg,camera_data/images/img_1109600.jpg,0,Normal
1109609,https://tools.alertcalifornia.org/fireframes5/digitalpath-redis/Axis-Berryessa/2025/234/10/1755856874.000000000.jpg,camera_data/images/img_1109609.jpg,0,Normal
1109627,https://tools.alertcalifornia.org/fireframes5/digitalpath-redis/Axis-Berryessa/2025/235/04/1755921978.000000000.jpg,camera_data/images/img_1109627.jpg,0,Normal
1109645,https://tools.alertcalifornia.org/fireframes5/digitalpath-redis/Axis-Berryessa/2025/241/23/1756508655.000000000.jpg,camera_data/images/img_1109645.jpg,1,Abnormal
1109752,https://tools.alertcalifornia.org/fireframes5/digitalpath-redis/Axis-Berryessa/2025/244/00/1756685003.000000000.jpg,camera_data/images/img_1109752.jpg,1,Abnormal
1109767,https://tools.alertcalifornia.org/fireframes5/digitalpath-redis/Axis-Berryessa/2025/233/15/1755788541.000000000.jpg,camera_data/images/img_1109767.jpg,0,Normal
1109860,https://tools.alertcalifornia.org/fireframes5/digitalpath-redis/Axis-Berryessa/2025/214/13/1754139731.000000000.jpg,camera_data/images/img_1109860.jpg,0,Normal
1109902,https://tools.alertcalifornia.org/fireframes5/digitalpath-redis/Axis-Berryessa/2025/236/07/1756018828.000000000.jpg,camera_data/images/img_1109902.jpg,1,Abnormal
1109953,https://tools.alertcalifornia.org/fireframes5/digitalpath-redis/Axis-Berryessa/2025/225/10/1755079250.000000000.jpg,camera_data/images/img_1109953.jpg,0,Normal
1109954,https://tools.alertcalifornia.org/fireframes5/digitalpath-redis/Axis-Berryessa/2025/225/11/1755082862.000000000.jpg,camera_data/images/img_1109954.jpg,0,Normal

1109986,https://tools.alertcalifornia.org/fireframes5/digitalpath-redis/Axis-Berryessa/2025/230/07/1755500425.000000000.jpg,camera_data/images/img_1109986.jpg,0,Normal
1110035,https://tools.alertcalifornia.org/fireframes5/digitalpath-redis/Axis-Berryessa/2025/213/07/1754031601.000000000.jpg,camera_data/images/img_1110035.jpg,1,Abnormal
1110146,https://tools.alertcalifornia.org/fireframes5/digitalpath-redis/Axis-Berryessa/2025/238/22/1756245833.000000000.jpg,camera_data/images/img_1110146.jpg,1,Abnormal
1110225,https://tools.alertcalifornia.org/fireframes5/digitalpath-redis/Axis-Berryessa/2025/257/05/1757826230.000000000.jpg,camera_data/images/img_1110225.jpg,1,Abnormal
1110247,https://tools.alertcalifornia.org/fireframes5/digitalpath-redis/Axis-Berryessa/2025/256/03/1757734092.000000000.jpg,camera_data/images/img_1110247.jpg,0,Normal
1110289,https://tools.alertcalifornia.org/fireframes5/digitalpath-redis/Axis-Berryessa/2025/267/21/1758747749.000000000.jpg,camera_data/images/img_1110289.jpg,0,Normal
1110292,https://tools.alertcalifornia.org/fireframes5/digitalpath-redis/Axis-Berryessa/2025/268/00/1758758587.000000000.jpg,camera_data/images/img_1110292.jpg,1,Abnormal
1110297,https://tools.alertcalifornia.org/fireframes5/digitalpath-redis/Axis-Berryessa/2025/268/05/1758776638.000000000.jpg,camera_data/images/img_1110297.jpg,1,Abnormal
1110309,https://tools.alertcalifornia.org/fireframes5/digitalpath-redis/Axis-Berryessa/2025/253/20/1757535254.000000000.jpg,camera_data/images/img_1110309.jpg,0,Normal
1110342,https://tools.alertcalifornia.org/fireframes5/digitalpath-redis/Axis-Berryessa/2025/252/08/1757404866.000000000.jpg,camera_data/images/img_1110342.jpg,1,Abnormal
1110359,https://tools.alertcalifornia.org/fireframes5/digitalpath-redis/Axis-Berryessa/2025/269/13/1758891768.000000000.jpg,camera_data/images/img_1110359.jpg,1,Abnormal
1110410,https://tools.alertcalifornia.org/fireframes5/digitalpath-redis/Axis-Berryessa/2025/261/16/1758211307.000000000.jpg,camera_data/images/img_1110410.jpg,1,Abnormal
1110454,https://tools.alertcalifornia.org/fireframes5/digitalpath-redis/Axis-Berryessa/2025/254/15/1757604599.000000000.jpg,camera_data/images/img_1110454.jpg,1,Abnormal
1110480,https://tools.alertcalifornia.org/fireframes5/digitalpath-redis/Axis-Berryessa/2025/244/18/1756749817.000000000.jpg,camera_data/images/img_1110480.jpg,1,Abnormal
1110525,https://tools.alertcalifornia.org/fireframes5/digitalpath-redis/Axis-Berryessa/2025/257/15/1757862104.000000000.jpg,camera_data/images/img_1110525.jpg,0,Normal
1110582,https://tools.alertcalifornia.org/fireframes5/digitalpath-redis/Axis-Berryessa/2025/267/00/1758672181.000000000.jpg,camera_data/images/img_1110582.jpg,1,Abnormal
1110585,https://tools.alertcalifornia.org/fireframes5/digitalpath-redis/Axis-Berryessa/2025/267/03/1758683038.000000000.jpg,camera_data/images/img_1110585.jpg,0,Normal
1110619,https://tools.alertcalifornia.org/fireframes5/digitalpath-redis/Axis-Berryessa/2025/248/13/1757077322.000000000.jpg,camera_data/images/img_1110619.jpg,1,Abnormal
1110651,https://tools.alertcalifornia.org/fireframes5/digitalpath-redis/Axis-Berryessa/2025/264/21/1758488644.000000000.jpg,camera_data/images/img_1110651.jpg,1,Abnormal
1110661,https://tools.alertcalifornia.org/fireframes5/digitalpath-redis/Axis-Berryessa/2025/271/07/1759042834.000000000.jpg,camera_data/images/img_1110661.jpg,1,Abnormal
1110685,https://tools.alertcalifornia.org/fireframes5/digitalpath-redis/Axis-Berryessa/2025/250/07/1757228407.000000000.jpg,camera_data/images/img_1110685.jpg,0,Normal
1110750,https://tools.alertcalifornia.org/fireframes5/digitalpath-redis/Axis-Berryessa/2025/259/12/1758024068.000000000.jpg,camera_data/images/img_1110750.jpg,0,Normal
1110795,https://tools.alertcalifornia.org/fireframes5/digitalpath-redis/Axis-Berryessa/2025/263/10/1758362440.000000000.jpg,camera_data/images/img_1110795.jpg,0,Normal
1118239,https://tools.alertcalifornia.org/fireframes5/digitalpath-redis/Axis-ToroPeak1/2025/185/07/1751612411.000000000.jpg,camera_data/images/img_1118239.jpg,0,Normal
1118248,https://tools.alertcalifornia.org/fireframes5/digitalpath-redis/Axis-ToroPeak1/2025/195/14/1752501685.000000000.jpg,camera_data/images/img_1118248.jpg,0,Normal
1118249,https://tools.alertcalifornia.org/fireframes5/digitalpath-redis/Axis-ToroPeak1/2025/195/15/1752505313.000000000.jpg,camera_data/images/img_1118249.jpg,0,Normal
1118259,https://tools.alertcalifornia.org/fireframes5/digitalpath-redis/Axis-ToroPeak1/2025/196/02/1752545023.000000000.jpg,camera_data/images/img_1118259.jpg,0,Normal
1118265,https://tools.alertcalifornia.org/fireframes5/digitalpath-redis/Axis-ToroPeak1/2025/203/09/1753174815.000000000.jpg,camera_data/images/img_1118265.jpg,0,Normal
1118280,https://tools.alertcalifornia.org/fireframes5/digitalpath-redis/Axis-ToroPeak1/2025/204/00/1753229029.000000000.jpg,camera_data/images/img_1118280.jpg,0,Normal
1118286,https://tools.alertcalifornia.org/fireframes5/digitalpath-redis/Axis-ToroPeak1/2025/204/06/1753250740.000000000.jpg,camera_data/images/img_1118286.jpg,0,Normal
1118287,https://tools.alertcalifornia.org/fireframes5/digitalpath-redis/Axis-ToroPeak1/2025/204/07/1753254008.000000000.jpg,camera_data/images/img_1118287.jpg,0,Normal
1118345,https://tools.alertcalifornia.org/fireframes5/digitalpath-redis/Axis-ToroPeak1/2025/188/21/1751922161.000000000.jpg,camera_data/images/img_1118345.jpg,0,Normal

1118365,https://tools.alertcalifornia.org/fireframes5/digitalpath-redis/Axis-ToroPeak1/2025/198/17/1752771789.000000000.jpg,camera_data/images/img_1118365.jpg,0,Normal
1118381,https://tools.alertcalifornia.org/fireframes5/digitalpath-redis/Axis-ToroPeak1/2025/210/18/1753812201.000000000.jpg,camera_data/images/img_1118381.jpg,0,Normal
1118411,https://tools.alertcalifornia.org/fireframes5/digitalpath-redis/Axis-ToroPeak1/2025/187/22/1751839377.000000000.jpg,camera_data/images/img_1118411.jpg,0,Normal
1118417,https://tools.alertcalifornia.org/fireframes5/digitalpath-redis/Axis-ToroPeak1/2025/188/04/1751861067.000000000.jpg,camera_data/images/img_1118417.jpg,0,Normal
1118442,https://tools.alertcalifornia.org/fireframes5/digitalpath-redis/Axis-ToroPeak1/2025/201/14/1753020158.000000000.jpg,camera_data/images/img_1118442.jpg,0,Normal
1118489,https://tools.alertcalifornia.org/fireframes5/digitalpath-redis/Axis-ToroPeak1/2025/184/22/1751580200.000000000.jpg,camera_data/images/img_1118489.jpg,0,Normal
1118517,https://tools.alertcalifornia.org/fireframes5/digitalpath-redis/Axis-ToroPeak1/2025/193/22/1752357787.000000000.jpg,camera_data/images/img_1118517.jpg,0,Normal
1118539,https://tools.alertcalifornia.org/fireframes5/digitalpath-redis/Axis-ToroPeak1/2025/183/22/1751493781.000000000.jpg,camera_data/images/img_1118539.jpg,0,Normal
1118583,https://tools.alertcalifornia.org/fireframes5/digitalpath-redis/Axis-ToroPeak1/2025/191/18/1752170509.000000000.jpg,camera_data/images/img_1118583.jpg,0,Normal
1118593,https://tools.alertcalifornia.org/fireframes5/digitalpath-redis/Axis-ToroPeak1/2025/192/04/1752206700.000000000.jpg,camera_data/images/img_1118593.jpg,0,Normal
1118624,https://tools.alertcalifornia.org/fireframes5/digitalpath-redis/Axis-ToroPeak1/2025/190/12/1752062467.000000000.jpg,camera_data/images/img_1118624.jpg,0,Normal
1118638,https://tools.alertcalifornia.org/fireframes5/digitalpath-redis/Axis-ToroPeak1/2025/191/02/1752113042.000000000.jpg,camera_data/images/img_1118638.jpg,1,Abnormal
1118666,https://tools.alertcalifornia.org/fireframes5/digitalpath-redis/Axis-ToroPeak1/2025/189/15/1751986930.000000000.jpg,camera_data/images/img_1118666.jpg,0,Normal
1118667,https://tools.alertcalifornia.org/fireframes5/digitalpath-redis/Axis-ToroPeak1/2025/189/16/1751990530.000000000.jpg,camera_data/images/img_1118667.jpg,0,Normal
1118695,https://tools.alertcalifornia.org/fireframes5/digitalpath-redis/Axis-ToroPeak1/2025/199/21/1752872596.000000000.jpg,camera_data/images/img_1118695.jpg,0,Normal
1118710,https://tools.alertcalifornia.org/fireframes5/digitalpath-redis/Axis-ToroPeak1/2025/192/09/1752224475.000000000.jpg,camera_data/images/img_1118710.jpg,0,Normal
1118729,https://tools.alertcalifornia.org/fireframes5/digitalpath-redis/Axis-ToroPeak1/2025/072/22/1741903408.000000000.jpg,camera_data/images/img_1118729.jpg,1,Abnormal
1118771,https://tools.alertcalifornia.org/fireframes5/digitalpath-redis/Axis-ToroPeak1/2025/084/17/1742922100.000000000.jpg,camera_data/images/img_1118771.jpg,0,Normal
1118803,https://tools.alertcalifornia.org/fireframes5/digitalpath-redis/Axis-ToroPeak1/2025/062/01/1740963796.000000000.jpg,camera_data/images/img_1118803.jpg,1,Abnormal
1118816,https://tools.alertcalifornia.org/fireframes5/digitalpath-redis/Axis-ToroPeak1/2025/071/13/1741784487.000000000.jpg,camera_data/images/img_1118816.jpg,1,Abnormal
1118827,https://tools.alertcalifornia.org/fireframes5/digitalpath-redis/Axis-ToroPeak1/2025/072/00/1741824209.000000000.jpg,camera_data/images/img_1118827.jpg,1,Abnormal
1118844,https://tools.alertcalifornia.org/fireframes5/digitalpath-redis/Axis-ToroPeak1/2025/068/18/1741543281.000000000.jpg,camera_data/images/img_1118844.jpg,0,Normal
1118879,https://tools.alertcalifornia.org/fireframes5/digitalpath-redis/Axis-ToroPeak1/2025/085/16/1743004951.000000000.jpg,camera_data/images/img_1118879.jpg,0,Normal
1118924,https://tools.alertcalifornia.org/fireframes5/digitalpath-redis/Axis-ToroPeak1/2025/060/15/1740841229.000000000.jpg,camera_data/images/img_1118924.jpg,0,Normal
1118958,https://tools.alertcalifornia.org/fireframes5/digitalpath-redis/Axis-ToroPeak1/2025/071/00/1741737743.000000000.jpg,camera_data/images/img_1118958.jpg,1,Abnormal
1118965,https://tools.alertcalifornia.org/fireframes5/digitalpath-redis/Axis-ToroPeak1/2025/077/07/1742281212.000000000.jpg,camera_data/images/img_1118965.jpg,1,Abnormal
1119003,https://tools.alertcalifornia.org/fireframes5/digitalpath-redis/Axis-ToroPeak1/2025/086/17/1743094891.000000000.jpg,camera_data/images/img_1119003.jpg,0,Normal
1119080,https://tools.alertcalifornia.org/fireframes5/digitalpath-redis/Axis-ToroPeak1/2025/063/23/1741129375.000000000.jpg,camera_data/images/img_1119080.jpg,0,Normal
1119156,https://tools.alertcalifornia.org/fireframes5/digitalpath-redis/Axis-ToroPeak1/2025/083/02/1742781802.000000000.jpg,camera_data/images/img_1119156.jpg,0,Normal
1119209,https://tools.alertcalifornia.org/fireframes5/digitalpath-redis/Axis-ToroPeak1/2025/090/07/1743404410.000000000.jpg,camera_data/images/img_1119209.jpg,1,Abnormal
1119225,https://tools.alertcalifornia.org/fireframes5/digitalpath-redis/Axis-ToroPeak1/2025/090/23/1743462231.000000000.jpg,camera_data/images/img_1119225.jpg,1,Abnormal
1119266,https://tools.alertcalifornia.org/fireframes5/digitalpath-redis/Axis-ToroPeak1/2025/079/17/1742490098.000000000.jpg,camera_data/images/img_1119266.jpg,0,Normal

1119273,https://tools.alertcalifornia.org/fireframes5/digitalpath-redis/Axis-ToroPeak1/2025/080/00/1742515402.000000000.jpg,camera_data/images/img_1119273.jpg,0,Normal
1119292,https://tools.alertcalifornia.org/fireframes5/digitalpath-redis/Axis-ToroPeak1/2025/089/19/1743361349.000000000.jpg,camera_data/images/img_1119292.jpg,0,Normal
1119319,https://tools.alertcalifornia.org/fireframes5/digitalpath-redis/Axis-ToroPeak1/2025/089/01/1743296573.000000000.jpg,camera_data/images/img_1119319.jpg,0,Normal
1119346,https://tools.alertcalifornia.org/fireframes5/digitalpath-redis/Axis-ToroPeak1/2025/066/05/1741323845.000000000.jpg,camera_data/images/img_1119346.jpg,1,Abnormal
1119366,https://tools.alertcalifornia.org/fireframes5/digitalpath-redis/Axis-ToroPeak1/2025/076/00/1742169785.000000000.jpg,camera_data/images/img_1119366.jpg,0,Normal
1119369,https://tools.alertcalifornia.org/fireframes5/digitalpath-redis/Axis-ToroPeak1/2025/076/03/1742180610.000000000.jpg,camera_data/images/img_1119369.jpg,0,Normal
1119415,https://tools.alertcalifornia.org/fireframes5/digitalpath-redis/Axis-ToroPeak1/2024/279/13/1728133244.000000000.jpg,camera_data/images/img_1119415.jpg,1,Abnormal
1119419,https://tools.alertcalifornia.org/fireframes5/digitalpath-redis/Axis-ToroPeak1/2024/279/17/1728147693.000000000.jpg,camera_data/images/img_1119419.jpg,0,Normal
1119421,https://tools.alertcalifornia.org/fireframes5/digitalpath-redis/Axis-ToroPeak1/2024/279/19/1728154941.000000000.jpg,camera_data/images/img_1119421.jpg,0,Normal
1119425,https://tools.alertcalifornia.org/fireframes5/digitalpath-redis/Axis-ToroPeak1/2024/279/23/1728169383.000000000.jpg,camera_data/images/img_1119425.jpg,0,Normal
1119478,https://tools.alertcalifornia.org/fireframes5/digitalpath-redis/Axis-ToroPeak1/2024/289/04/1728965050.000000000.jpg,camera_data/images/img_1119478.jpg,0,Normal
1119490,https://tools.alertcalifornia.org/fireframes5/digitalpath-redis/Axis-ToroPeak1/2024/290/17/1729098231.000000000.jpg,camera_data/images/img_1119490.jpg,0,Normal
1119495,https://tools.alertcalifornia.org/fireframes5/digitalpath-redis/Axis-ToroPeak1/2024/290/22/1729116267.000000000.jpg,camera_data/images/img_1119495.jpg,0,Normal
1119565,https://tools.alertcalifornia.org/fireframes5/digitalpath-redis/Axis-ToroPeak1/2024/304/21/1730322173.000000000.jpg,camera_data/images/img_1119565.jpg,0,Normal
1119567,https://tools.alertcalifornia.org/fireframes5/digitalpath-redis/Axis-ToroPeak1/2024/304/23/1730329378.000000000.jpg,camera_data/images/img_1119567.jpg,0,Normal
1119569,https://tools.alertcalifornia.org/fireframes5/digitalpath-redis/Axis-ToroPeak1/2024/305/01/1730336588.000000000.jpg,camera_data/images/img_1119569.jpg,0,Normal
1119586,https://tools.alertcalifornia.org/fireframes5/digitalpath-redis/Axis-ToroPeak1/2024/305/18/1730397759.000000000.jpg,camera_data/images/img_1119586.jpg,0,Normal
1119646,https://tools.alertcalifornia.org/fireframes5/digitalpath-redis/Axis-ToroPeak1/2024/292/06/1729231419.000000000.jpg,camera_data/images/img_1119646.jpg,1,Abnormal
1119652,https://tools.alertcalifornia.org/fireframes5/digitalpath-redis/Axis-ToroPeak1/2024/302/12/1730116871.000000000.jpg,camera_data/images/img_1119652.jpg,1,Abnormal
1119687,https://tools.alertcalifornia.org/fireframes5/digitalpath-redis/Axis-ToroPeak1/2024/286/23/1728774258.000000000.jpg,camera_data/images/img_1119687.jpg,0,Normal
1119705,https://tools.alertcalifornia.org/fireframes5/digitalpath-redis/Axis-ToroPeak1/2024/276/17/1727888489.000000000.jpg,camera_data/images/img_1119705.jpg,0,Normal
1119718,https://tools.alertcalifornia.org/fireframes5/digitalpath-redis/Axis-ToroPeak1/2024/298/13/1729774927.000000000.jpg,camera_data/images/img_1119718.jpg,0,Normal
1119738,https://tools.alertcalifornia.org/fireframes5/digitalpath-redis/Axis-ToroPeak1/2024/299/10/1729850438.000000000.jpg,camera_data/images/img_1119738.jpg,1,Abnormal
1119755,https://tools.alertcalifornia.org/fireframes5/digitalpath-redis/Axis-ToroPeak1/2024/300/03/1729911838.000000000.jpg,camera_data/images/img_1119755.jpg,0,Normal
1119758,https://tools.alertcalifornia.org/fireframes5/digitalpath-redis/Axis-ToroPeak1/2024/300/06/1729922658.000000000.jpg,camera_data/images/img_1119758.jpg,0,Normal
1119799,https://tools.alertcalifornia.org/fireframes5/digitalpath-redis/Axis-ToroPeak1/2024/288/00/1728864149.000000000.jpg,camera_data/images/img_1119799.jpg,0,Normal
1119807,https://tools.alertcalifornia.org/fireframes5/digitalpath-redis/Axis-ToroPeak1/2024/301/08/1730016038.000000000.jpg,camera_data/images/img_1119807.jpg,1,Abnormal
1119838,https://tools.alertcalifornia.org/fireframes5/digitalpath-redis/Axis-ToroPeak1/2024/282/15/1728399674.000000000.jpg,camera_data/images/img_1119838.jpg,0,Normal
1119839,https://tools.alertcalifornia.org/fireframes5/digitalpath-redis/Axis-ToroPeak1/2024/282/16/1728403278.000000000.jpg,camera_data/images/img_1119839.jpg,0,Normal
1119853,https://tools.alertcalifornia.org/fireframes5/digitalpath-redis/Axis-ToroPeak1/2024/283/06/1728453785.000000000.jpg,camera_data/images/img_1119853.jpg,0,Normal
1119897,https://tools.alertcalifornia.org/fireframes5/digitalpath-redis/Axis-ToroPeak1/2024/286/02/1728698696.000000000.jpg,camera_data/images/img_1119897.jpg,0,Normal
1119971,https://tools.alertcalifornia.org/fireframes5/digitalpath-redis/Axis-ToroPeak1/2024/301/04/1730001911.000000000.jpg,camera_data/images/img_1119971.jpg,0,Normal

1119983,https://tools.alertcalifornia.org/fireframes5/digitalpath-redis/Axis-ToroPeak1/2024/293/16/1729353686.000000000.jpg,camera_data/images/img_1119983.jpg,0,Normal
1120001,https://tools.alertcalifornia.org/fireframes5/digitalpath-redis/Axis-ToroPeak1/2024/283/14/1728482433.000000000.jpg,camera_data/images/img_1120001.jpg,0,Normal
1120072,https://tools.alertcalifornia.org/fireframes5/digitalpath-redis/Axis-ToroPeak1/2025/240/15/1756393404.000000000.jpg,camera_data/images/img_1120072.jpg,1,Abnormal
1120076,https://tools.alertcalifornia.org/fireframes5/digitalpath-redis/Axis-ToroPeak1/2025/240/19/1756407849.000000000.jpg,camera_data/images/img_1120076.jpg,0,Normal
1120080,https://tools.alertcalifornia.org/fireframes5/digitalpath-redis/Axis-ToroPeak1/2025/240/23/1756422279.000000000.jpg,camera_data/images/img_1120080.jpg,1,Abnormal
1120123,https://tools.alertcalifornia.org/fireframes5/digitalpath-redis/Axis-ToroPeak1/2025/232/13/1755694887.000000000.jpg,camera_data/images/img_1120123.jpg,0,Normal
1120153,https://tools.alertcalifornia.org/fireframes5/digitalpath-redis/Axis-ToroPeak1/2025/243/02/1756605840.000000000.jpg,camera_data/images/img_1120153.jpg,0,Normal
1120178,https://tools.alertcalifornia.org/fireframes5/digitalpath-redis/Axis-ToroPeak1/2025/219/04/1754539469.000000000.jpg,camera_data/images/img_1120178.jpg,0,Normal
1120186,https://tools.alertcalifornia.org/fireframes5/digitalpath-redis/Axis-ToroPeak1/2025/228/12/1755345661.000000000.jpg,camera_data/images/img_1120186.jpg,0,Normal
1120212,https://tools.alertcalifornia.org/fireframes5/digitalpath-redis/Axis-ToroPeak1/2025/241/14/1756476091.000000000.jpg,camera_data/images/img_1120212.jpg,0,Normal
1120253,https://tools.alertcalifornia.org/fireframes5/digitalpath-redis/Axis-ToroPeak1/2025/216/10/1754301642.000000000.jpg,camera_data/images/img_1120253.jpg,1,Abnormal
1120352,https://tools.alertcalifornia.org/fireframes5/digitalpath-redis/Axis-ToroPeak1/2025/231/19/1755630219.000000000.jpg,camera_data/images/img_1120352.jpg,0,Normal
1120354,https://tools.alertcalifornia.org/fireframes5/digitalpath-redis/Axis-ToroPeak1/2025/231/21/1755637432.000000000.jpg,camera_data/images/img_1120354.jpg,0,Normal
1120374,https://tools.alertcalifornia.org/fireframes5/digitalpath-redis/Axis-ToroPeak1/2025/222/17/1754845337.000000000.jpg,camera_data/images/img_1120374.jpg,0,Normal
1120375,https://tools.alertcalifornia.org/fireframes5/digitalpath-redis/Axis-ToroPeak1/2025/222/18/1754848947.000000000.jpg,camera_data/images/img_1120375.jpg,0,Normal
1120383,https://tools.alertcalifornia.org/fireframes5/digitalpath-redis/Axis-ToroPeak1/2025/223/02/1754877826.000000000.jpg,camera_data/images/img_1120383.jpg,0,Normal
1120395,https://tools.alertcalifornia.org/fireframes5/digitalpath-redis/Axis-ToroPeak1/2025/214/05/1754111133.000000000.jpg,camera_data/images/img_1120395.jpg,0,Normal
1120415,https://tools.alertcalifornia.org/fireframes5/digitalpath-redis/Axis-ToroPeak1/2025/224/01/1754960623.000000000.jpg,camera_data/images/img_1120415.jpg,0,Normal
1120426,https://tools.alertcalifornia.org/fireframes5/digitalpath-redis/Axis-ToroPeak1/2025/239/12/1756296075.000000000.jpg,camera_data/images/img_1120426.jpg,0,Normal
1120453,https://tools.alertcalifornia.org/fireframes5/digitalpath-redis/Axis-ToroPeak1/2025/230/15/1755529274.000000000.jpg,camera_data/images/img_1120453.jpg,0,Normal
1120485,https://tools.alertcalifornia.org/fireframes5/digitalpath-redis/Axis-ToroPeak1/2025/221/01/1754701440.000000000.jpg,camera_data/images/img_1120485.jpg,0,Normal
1120514,https://tools.alertcalifornia.org/fireframes5/digitalpath-redis/Axis-ToroPeak1/2025/226/06/1755151493.000000000.jpg,camera_data/images/img_1120514.jpg,0,Normal
1120515,https://tools.alertcalifornia.org/fireframes5/digitalpath-redis/Axis-ToroPeak1/2025/215/07/1754204420.000000000.jpg,camera_data/images/img_1120515.jpg,1,Abnormal
1120530,https://tools.alertcalifornia.org/fireframes5/digitalpath-redis/Axis-ToroPeak1/2025/215/22/1754258602.000000000.jpg,camera_data/images/img_1120530.jpg,0,Normal
1120622,https://tools.alertcalifornia.org/fireframes5/digitalpath-redis/Axis-ToroPeak1/2025/224/18/1755021867.000000000.jpg,camera_data/images/img_1120622.jpg,0,Normal
1120624,https://tools.alertcalifornia.org/fireframes5/digitalpath-redis/Axis-ToroPeak1/2025/224/20/1755029109.000000000.jpg,camera_data/images/img_1120624.jpg,0,Normal
1120639,https://tools.alertcalifornia.org/fireframes5/digitalpath-redis/Axis-ToroPeak1/2025/153/12/1748865690.000000000.jpg,camera_data/images/img_1120639.jpg,1,Abnormal
1120643,https://tools.alertcalifornia.org/fireframes5/digitalpath-redis/Axis-ToroPeak1/2025/153/16/1748880112.000000000.jpg,camera_data/images/img_1120643.jpg,0,Normal
1120669,https://tools.alertcalifornia.org/fireframes5/digitalpath-redis/Axis-ToroPeak1/2025/163/18/1749751305.000000000.jpg,camera_data/images/img_1120669.jpg,0,Normal
1120675,https://tools.alertcalifornia.org/fireframes5/digitalpath-redis/Axis-ToroPeak1/2025/164/00/1749772972.000000000.jpg,camera_data/images/img_1120675.jpg,0,Normal
1120714,https://tools.alertcalifornia.org/fireframes5/digitalpath-redis/Axis-ToroPeak1/2025/176/15/1750863708.000000000.jpg,camera_data/images/img_1120714.jpg,0,Normal
1120720,https://tools.alertcalifornia.org/fireframes5/digitalpath-redis/Axis-ToroPeak1/2025/176/21/1750885361.000000000.jpg,camera_data/images/img_1120720.jpg,0,Normal

1120728,https://tools.alertcalifornia.org/fireframes5/digitalpath-redis/Axis-ToroPeak1/2025/177/05/1750914242.000000000.jpg,camera_data/images/img_1120728.jpg,0,Normal
1120747,https://tools.alertcalifornia.org/fireframes5/digitalpath-redis/Axis-ToroPeak1/2025/165/00/1749859466.000000000.jpg,camera_data/images/img_1120747.jpg,0,Normal
1120754,https://tools.alertcalifornia.org/fireframes5/digitalpath-redis/Axis-ToroPeak1/2025/154/07/1748934012.000000000.jpg,camera_data/images/img_1120754.jpg,0,Normal
1120757,https://tools.alertcalifornia.org/fireframes5/digitalpath-redis/Axis-ToroPeak1/2025/154/10/1748944859.000000000.jpg,camera_data/images/img_1120757.jpg,1,Abnormal
1120852,https://tools.alertcalifornia.org/fireframes5/digitalpath-redis/Axis-ToroPeak1/2025/152/12/1748779452.000000000.jpg,camera_data/images/img_1120852.jpg,0,Normal
1120919,https://tools.alertcalifornia.org/fireframes5/digitalpath-redis/Axis-ToroPeak1/2025/170/18/1750356115.000000000.jpg,camera_data/images/img_1120919.jpg,0,Normal
1120921,https://tools.alertcalifornia.org/fireframes5/digitalpath-redis/Axis-ToroPeak1/2025/170/20/1750363343.000000000.jpg,camera_data/images/img_1120921.jpg,0,Normal
1120923,https://tools.alertcalifornia.org/fireframes5/digitalpath-redis/Axis-ToroPeak1/2025/170/22/1750370578.000000000.jpg,camera_data/images/img_1120923.jpg,0,Normal
1121002,https://tools.alertcalifornia.org/fireframes5/digitalpath-redis/Axis-ToroPeak1/2025/157/05/1749186215.000000000.jpg,camera_data/images/img_1121002.jpg,0,Normal
1121067,https://tools.alertcalifornia.org/fireframes5/digitalpath-redis/Axis-ToroPeak1/2025/156/03/1749092706.000000000.jpg,camera_data/images/img_1121067.jpg,0,Normal
1121121,https://tools.alertcalifornia.org/fireframes5/digitalpath-redis/Axis-ToroPeak1/2025/167/23/1750115018.000000000.jpg,camera_data/images/img_1121121.jpg,0,Normal
1121144,https://tools.alertcalifornia.org/fireframes5/digitalpath-redis/Axis-ToroPeak1/2025/172/08/1750492817.000000000.jpg,camera_data/images/img_1121144.jpg,1,Abnormal
1121145,https://tools.alertcalifornia.org/fireframes5/digitalpath-redis/Axis-ToroPeak1/2025/172/09/1750496435.000000000.jpg,camera_data/images/img_1121145.jpg,1,Abnormal
1121162,https://tools.alertcalifornia.org/fireframes5/digitalpath-redis/Axis-ToroPeak1/2025/173/02/1750557866.000000000.jpg,camera_data/images/img_1121162.jpg,1,Abnormal
1121174,https://tools.alertcalifornia.org/fireframes5/digitalpath-redis/Axis-ToroPeak1/2025/179/14/1751119293.000000000.jpg,camera_data/images/img_1121174.jpg,0,Normal
1121178,https://tools.alertcalifornia.org/fireframes5/digitalpath-redis/Axis-ToroPeak1/2025/179/18/1751133737.000000000.jpg,camera_data/images/img_1121178.jpg,0,Normal
1121192,https://tools.alertcalifornia.org/fireframes5/digitalpath-redis/Axis-ToroPeak1/2025/168/08/1750147234.000000000.jpg,camera_data/images/img_1121192.jpg,0,Normal
1121208,https://tools.alertcalifornia.org/fireframes5/digitalpath-redis/Axis-ToroPeak1/2025/169/00/1750205091.000000000.jpg,camera_data/images/img_1121208.jpg,0,Normal
1121268,https://tools.alertcalifornia.org/fireframes5/digitalpath-redis/Axis-ToroPeak1/2025/036/13/1738760528.000000000.jpg,camera_data/images/img_1121268.jpg,1,Abnormal
1121270,https://tools.alertcalifornia.org/fireframes5/digitalpath-redis/Axis-ToroPeak1/2025/036/15/1738767799.000000000.jpg,camera_data/images/img_1121270.jpg,1,Abnormal
1121294,https://tools.alertcalifornia.org/fireframes5/digitalpath-redis/Axis-ToroPeak1/2025/054/15/1740322843.000000000.jpg,camera_data/images/img_1121294.jpg,0,Normal
1121313,https://tools.alertcalifornia.org/fireframes5/digitalpath-redis/Axis-ToroPeak1/2025/053/10/1740218432.000000000.jpg,camera_data/images/img_1121313.jpg,0,Normal
1121360,https://tools.alertcalifornia.org/fireframes5/digitalpath-redis/Axis-ToroPeak1/2025/045/09/1739523629.000000000.jpg,camera_data/images/img_1121360.jpg,1,Abnormal
1121365,https://tools.alertcalifornia.org/fireframes5/digitalpath-redis/Axis-ToroPeak1/2025/045/14/1739541672.000000000.jpg,camera_data/images/img_1121365.jpg,1,Abnormal
1121409,https://tools.alertcalifornia.org/fireframes5/digitalpath-redis/Axis-ToroPeak1/2025/047/13/1739710863.000000000.jpg,camera_data/images/img_1121409.jpg,1,Abnormal
1121420,https://tools.alertcalifornia.org/fireframes5/digitalpath-redis/Axis-ToroPeak1/2025/048/00/1739750580.000000000.jpg,camera_data/images/img_1121420.jpg,0,Normal
1121443,https://tools.alertcalifornia.org/fireframes5/digitalpath-redis/Axis-ToroPeak1/2025/037/23/1738883212.000000000.jpg,camera_data/images/img_1121443.jpg,0,Normal
1121481,https://tools.alertcalifornia.org/fireframes5/digitalpath-redis/Axis-ToroPeak1/2025/038/13/1738933352.000000000.jpg,camera_data/images/img_1121481.jpg,1,Abnormal
1121574,https://tools.alertcalifornia.org/fireframes5/digitalpath-redis/Axis-ToroPeak1/2025/044/02/1739412333.000000000.jpg,camera_data/images/img_1121574.jpg,1,Abnormal
1121593,https://tools.alertcalifornia.org/fireframes5/digitalpath-redis/Axis-ToroPeak1/2025/034/13/1738587746.000000000.jpg,camera_data/images/img_1121593.jpg,0,Normal
1121617,https://tools.alertcalifornia.org/fireframes5/digitalpath-redis/Axis-ToroPeak1/2025/044/14/1739455316.000000000.jpg,camera_data/images/img_1121617.jpg,1,Abnormal
1121706,https://tools.alertcalifornia.org/fireframes5/digitalpath-redis/Axis-ToroPeak1/2025/039/17/1739034272.000000000.jpg,camera_data/images/img_1121706.jpg,0,Normal

1121813,https://tools.alertcalifornia.org/fireframes5/digitalpath-redis/Axis-ToroPeak1/2025/041/05/1739164342.000000000.jpg,camera_data/images/img_1121813.jpg,0,Normal
1121829,https://tools.alertcalifornia.org/fireframes5/digitalpath-redis/Axis-ToroPeak1/2025/057/21/1740603802.000000000.jpg,camera_data/images/img_1121829.jpg,0,Normal
1121869,https://tools.alertcalifornia.org/fireframes5/digitalpath-redis/Axis-ToroPeak1/2025/244/12/1756728085.000000000.jpg,camera_data/images/img_1121869.jpg,0,Normal
1121894,https://tools.alertcalifornia.org/fireframes5/digitalpath-redis/Axis-ToroPeak1/2025/270/13/1758978136.000000000.jpg,camera_data/images/img_1121894.jpg,1,Abnormal
1121928,https://tools.alertcalifornia.org/fireframes5/digitalpath-redis/Axis-ToroPeak1/2025/261/13/1758200472.000000000.jpg,camera_data/images/img_1121928.jpg,1,Abnormal
1121942,https://tools.alertcalifornia.org/fireframes5/digitalpath-redis/Axis-ToroPeak1/2025/262/03/1758251005.000000000.jpg,camera_data/images/img_1121942.jpg,1,Abnormal
1121994,https://tools.alertcalifornia.org/fireframes5/digitalpath-redis/Axis-ToroPeak1/2025/252/07/1757401237.000000000.jpg,camera_data/images/img_1121994.jpg,0,Normal
1122179,https://tools.alertcalifornia.org/fireframes5/digitalpath-redis/Axis-ToroPeak1/2025/259/22/1758060192.000000000.jpg,camera_data/images/img_1122179.jpg,0,Normal
1122203,https://tools.alertcalifornia.org/fireframes5/digitalpath-redis/Axis-ToroPeak1/2025/272/22/1759183383.000000000.jpg,camera_data/images/img_1122203.jpg,0,Normal
1122259,https://tools.alertcalifornia.org/fireframes5/digitalpath-redis/Axis-ToroPeak1/2025/264/07/1758438022.000000000.jpg,camera_data/images/img_1122259.jpg,0,Normal
1122305,https://tools.alertcalifornia.org/fireframes5/digitalpath-redis/Axis-ToroPeak1/2025/259/05/1757999052.000000000.jpg,camera_data/images/img_1122305.jpg,0,Normal
1122324,https://tools.alertcalifornia.org/fireframes5/digitalpath-redis/Axis-ToroPeak1/2025/265/14/1758549683.000000000.jpg,camera_data/images/img_1122324.jpg,0,Normal
1122394,https://tools.alertcalifornia.org/fireframes5/digitalpath-redis/Axis-ToroPeak1/2024/330/16/1732550493.000000000.jpg,camera_data/images/img_1122394.jpg,1,Abnormal
1122396,https://tools.alertcalifornia.org/fireframes5/digitalpath-redis/Axis-ToroPeak1/2024/330/18/1732557719.000000000.jpg,camera_data/images/img_1122396.jpg,0,Normal
1122422,https://tools.alertcalifornia.org/fireframes5/digitalpath-redis/Axis-ToroPeak1/2024/308/08/1730620831.000000000.jpg,camera_data/images/img_1122422.jpg,1,Abnormal
1122431,https://tools.alertcalifornia.org/fireframes5/digitalpath-redis/Axis-ToroPeak1/2024/308/17/1730653321.000000000.jpg,camera_data/images/img_1122431.jpg,0,Normal
1122466,https://tools.alertcalifornia.org/fireframes5/digitalpath-redis/Axis-ToroPeak1/2024/308/03/1730602992.000000000.jpg,camera_data/images/img_1122466.jpg,1,Abnormal
1122475,https://tools.alertcalifornia.org/fireframes5/digitalpath-redis/Axis-ToroPeak1/2024/317/13/1731416545.000000000.jpg,camera_data/images/img_1122475.jpg,1,Abnormal
1122662,https://tools.alertcalifornia.org/fireframes5/digitalpath-redis/Axis-ToroPeak1/2024/316/23/1731366204.000000000.jpg,camera_data/images/img_1122662.jpg,0,Normal
1122675,https://tools.alertcalifornia.org/fireframes5/digitalpath-redis/Axis-ToroPeak1/2024/319/12/1731585625.000000000.jpg,camera_data/images/img_1122675.jpg,1,Abnormal
1122696,https://tools.alertcalifornia.org/fireframes5/digitalpath-redis/Axis-ToroPeak1/2024/309/09/1730710805.000000000.jpg,camera_data/images/img_1122696.jpg,1,Abnormal
1122721,https://tools.alertcalifornia.org/fireframes5/digitalpath-redis/Axis-ToroPeak1/2024/327/12/1732276824.000000000.jpg,camera_data/images/img_1122721.jpg,0,Normal
1122734,https://tools.alertcalifornia.org/fireframes5/digitalpath-redis/Axis-ToroPeak1/2024/328/01/1732323732.000000000.jpg,camera_data/images/img_1122734.jpg,0,Normal
1122755,https://tools.alertcalifornia.org/fireframes5/digitalpath-redis/Axis-ToroPeak1/2024/328/22/1732399368.000000000.jpg,camera_data/images/img_1122755.jpg,1,Abnormal
1122775,https://tools.alertcalifornia.org/fireframes5/digitalpath-redis/Axis-ToroPeak1/2024/310/18/1730829753.000000000.jpg,camera_data/images/img_1122775.jpg,0,Normal
1122778,https://tools.alertcalifornia.org/fireframes5/digitalpath-redis/Axis-ToroPeak1/2024/310/21/1730840573.000000000.jpg,camera_data/images/img_1122778.jpg,0,Normal
1122845,https://tools.alertcalifornia.org/fireframes5/digitalpath-redis/Axis-ToroPeak1/2024/323/06/1731909833.000000000.jpg,camera_data/images/img_1122845.jpg,0,Normal
1122855,https://tools.alertcalifornia.org/fireframes5/digitalpath-redis/Axis-ToroPeak1/2024/312/16/1730995318.000000000.jpg,camera_data/images/img_1122855.jpg,0,Normal
1122925,https://tools.alertcalifornia.org/fireframes5/digitalpath-redis/Axis-ToroPeak1/2024/322/06/1731823354.000000000.jpg,camera_data/images/img_1122925.jpg,0,Normal
1122955,https://tools.alertcalifornia.org/fireframes5/digitalpath-redis/Axis-ToroPeak1/2024/325/12/1732104047.000000000.jpg,camera_data/images/img_1122955.jpg,0,Normal
1122996,https://tools.alertcalifornia.org/fireframes5/digitalpath-redis/Axis-ToroPeak1/2024/336/05/1733029447.000000000.jpg,camera_data/images/img_1122996.jpg,1,Abnormal
1123012,https://tools.alertcalifornia.org/fireframes5/digitalpath-redis/Axis-ToroPeak1/2025/151/20/1748721788.000000000.jpg,camera_data/images/img_1123012.jpg,0,Normal

1123026,https://tools.alertcalifornia.org/fireframes5/digitalpath-redis/Axis-ToroPeak1/2025/141/11/1747825264.000000000.jpg,camera_data/images/img_1123026.jpg,0,Normal
1123050,https://tools.alertcalifornia.org/fireframes5/digitalpath-redis/Axis-ToroPeak1/2025/137/11/1747479653.000000000.jpg,camera_data/images/img_1123050.jpg,0,Normal
1123127,https://tools.alertcalifornia.org/fireframes5/digitalpath-redis/Axis-ToroPeak1/2025/126/16/1746547268.000000000.jpg,camera_data/images/img_1123127.jpg,0,Normal
1123196,https://tools.alertcalifornia.org/fireframes5/digitalpath-redis/Axis-ToroPeak1/2025/140/13/1747746152.000000000.jpg,camera_data/images/img_1123196.jpg,0,Normal
1123242,https://tools.alertcalifornia.org/fireframes5/digitalpath-redis/Axis-ToroPeak1/2025/134/21/1747256519.000000000.jpg,camera_data/images/img_1123242.jpg,0,Normal
1123313,https://tools.alertcalifornia.org/fireframes5/digitalpath-redis/Axis-ToroPeak1/2025/144/04/1748059490.000000000.jpg,camera_data/images/img_1123313.jpg,1,Abnormal
1123365,https://tools.alertcalifornia.org/fireframes5/digitalpath-redis/Axis-ToroPeak1/2025/146/08/1748246436.000000000.jpg,camera_data/images/img_1123365.jpg,0,Normal
1123375,https://tools.alertcalifornia.org/fireframes5/digitalpath-redis/Axis-ToroPeak1/2025/146/18/1748282515.000000000.jpg,camera_data/images/img_1123375.jpg,0,Normal
1123380,https://tools.alertcalifornia.org/fireframes5/digitalpath-redis/Axis-ToroPeak1/2025/146/23/1748300584.000000000.jpg,camera_data/images/img_1123380.jpg,0,Normal
1123399,https://tools.alertcalifornia.org/fireframes5/digitalpath-redis/Axis-ToroPeak1/2025/139/18/1747677812.000000000.jpg,camera_data/images/img_1123399.jpg,0,Normal
1123404,https://tools.alertcalifornia.org/fireframes5/digitalpath-redis/Axis-ToroPeak1/2025/139/23/1747695910.000000000.jpg,camera_data/images/img_1123404.jpg,0,Normal
1123408,https://tools.alertcalifornia.org/fireframes5/digitalpath-redis/Axis-ToroPeak1/2025/140/03/1747710413.000000000.jpg,camera_data/images/img_1123408.jpg,0,Normal
1123416,https://tools.alertcalifornia.org/fireframes5/digitalpath-redis/Axis-ToroPeak1/2025/147/11/1748343696.000000000.jpg,camera_data/images/img_1123416.jpg,0,Normal
1123444,https://tools.alertcalifornia.org/fireframes5/digitalpath-redis/Axis-ToroPeak1/2025/138/15/1747580561.000000000.jpg,camera_data/images/img_1123444.jpg,0,Normal
1123447,https://tools.alertcalifornia.org/fireframes5/digitalpath-redis/Axis-ToroPeak1/2025/138/18/1747591409.000000000.jpg,camera_data/images/img_1123447.jpg,0,Normal
1123453,https://tools.alertcalifornia.org/fireframes5/digitalpath-redis/Axis-ToroPeak1/2025/139/00/1747613104.000000000.jpg,camera_data/images/img_1123453.jpg,0,Normal
1123455,https://tools.alertcalifornia.org/fireframes5/digitalpath-redis/Axis-ToroPeak1/2025/139/02/1747620318.000000000.jpg,camera_data/images/img_1123455.jpg,1,Abnormal
1123464,https://tools.alertcalifornia.org/fireframes5/digitalpath-redis/Axis-ToroPeak1/2025/121/07/1746082814.000000000.jpg,camera_data/images/img_1123464.jpg,1,Abnormal
1123465,https://tools.alertcalifornia.org/fireframes5/digitalpath-redis/Axis-ToroPeak1/2025/121/08/1746086421.000000000.jpg,camera_data/images/img_1123465.jpg,0,Normal
1123497,https://tools.alertcalifornia.org/fireframes5/digitalpath-redis/Axis-ToroPeak1/2025/145/20/1748203315.000000000.jpg,camera_data/images/img_1123497.jpg,0,Normal
1123543,https://tools.alertcalifornia.org/fireframes5/digitalpath-redis/Axis-ToroPeak1/2025/123/21/1746306154.000000000.jpg,camera_data/images/img_1123543.jpg,0,Normal
1123563,https://tools.alertcalifornia.org/fireframes5/digitalpath-redis/Axis-ToroPeak1/2025/132/17/1747069542.000000000.jpg,camera_data/images/img_1123563.jpg,0,Normal
1123570,https://tools.alertcalifornia.org/fireframes5/digitalpath-redis/Axis-ToroPeak1/2025/133/00/1747094870.000000000.jpg,camera_data/images/img_1123570.jpg,0,Normal
1123575,https://tools.alertcalifornia.org/fireframes5/digitalpath-redis/Axis-ToroPeak1/2025/133/05/1747112914.000000000.jpg,camera_data/images/img_1123575.jpg,1,Abnormal
1123600,https://tools.alertcalifornia.org/fireframes5/digitalpath-redis/Axis-ToroPeak1/2024/364/08/1735459213.000000000.jpg,camera_data/images/img_1123600.jpg,0,Normal
1123603,https://tools.alertcalifornia.org/fireframes5/digitalpath-redis/Axis-ToroPeak1/2024/364/11/1735470064.000000000.jpg,camera_data/images/img_1123603.jpg,0,Normal
1123663,https://tools.alertcalifornia.org/fireframes5/digitalpath-redis/Axis-ToroPeak1/2024/351/23/1734390178.000000000.jpg,camera_data/images/img_1123663.jpg,0,Normal
1123739,https://tools.alertcalifornia.org/fireframes5/digitalpath-redis/Axis-ToroPeak1/2025/001/03/1735700821.000000000.jpg,camera_data/images/img_1123739.jpg,0,Normal
1123750,https://tools.alertcalifornia.org/fireframes5/digitalpath-redis/Axis-ToroPeak1/2024/356/14/1734789644.000000000.jpg,camera_data/images/img_1123750.jpg,1,Abnormal
1123769,https://tools.alertcalifornia.org/fireframes5/digitalpath-redis/Axis-ToroPeak1/2024/363/09/1735376412.000000000.jpg,camera_data/images/img_1123769.jpg,1,Abnormal
1123793,https://tools.alertcalifornia.org/fireframes5/digitalpath-redis/Axis-ToroPeak1/2024/352/09/1734426022.000000000.jpg,camera_data/images/img_1123793.jpg,0,Normal
1123836,https://tools.alertcalifornia.org/fireframes5/digitalpath-redis/Axis-ToroPeak1/2024/343/04/1733630635.000000000.jpg,camera_data/images/img_1123836.jpg,0,Normal

1123912,https://tools.alertcalifornia.org/fireframes5/digitalpath-redis/Axis-ToroPeak1/2024/349/08/1734163219.000000000.jpg,camera_data/images/img_1123912.jpg,0,Normal
1123916,https://tools.alertcalifornia.org/fireframes5/digitalpath-redis/Axis-ToroPeak1/2024/349/12/1734177647.000000000.jpg,camera_data/images/img_1123916.jpg,1,Abnormal
1123942,https://tools.alertcalifornia.org/fireframes5/digitalpath-redis/Axis-ToroPeak1/2024/339/14/1733320877.000000000.jpg,camera_data/images/img_1123942.jpg,0,Normal
1123964,https://tools.alertcalifornia.org/fireframes5/digitalpath-redis/Axis-ToroPeak1/2024/357/12/1734868841.000000000.jpg,camera_data/images/img_1123964.jpg,1,Abnormal
1123998,https://tools.alertcalifornia.org/fireframes5/digitalpath-redis/Axis-ToroPeak1/2024/353/22/1734559409.000000000.jpg,camera_data/images/img_1123998.jpg,0,Normal
1124023,https://tools.alertcalifornia.org/fireframes5/digitalpath-redis/Axis-ToroPeak1/2024/343/23/1733699023.000000000.jpg,camera_data/images/img_1124023.jpg,0,Normal
1124098,https://tools.alertcalifornia.org/fireframes5/digitalpath-redis/Axis-ToroPeak1/2024/347/03/1733972577.000000000.jpg,camera_data/images/img_1124098.jpg,0,Normal
1124128,https://tools.alertcalifornia.org/fireframes5/digitalpath-redis/Axis-ToroPeak1/2024/344/09/1733734822.000000000.jpg,camera_data/images/img_1124128.jpg,1,Abnormal
1124136,https://tools.alertcalifornia.org/fireframes5/digitalpath-redis/Axis-ToroPeak1/2024/344/17/1733763725.000000000.jpg,camera_data/images/img_1124136.jpg,0,Normal
1124147,https://tools.alertcalifornia.org/fireframes5/digitalpath-redis/Axis-ToroPeak1/2024/345/04/1733803410.000000000.jpg,camera_data/images/img_1124147.jpg,0,Normal
1124205,https://tools.alertcalifornia.org/fireframes5/digitalpath-redis/Axis-ToroPeak1/2024/337/14/1733148070.000000000.jpg,camera_data/images/img_1124205.jpg,0,Normal
1124228,https://tools.alertcalifornia.org/fireframes5/digitalpath-redis/Axis-ToroPeak1/2024/347/13/1734008440.000000000.jpg,camera_data/images/img_1124228.jpg,1,Abnormal
1124260,https://tools.alertcalifornia.org/fireframes5/digitalpath-redis/Axis-ToroPeak1/2024/359/21/1735074142.000000000.jpg,camera_data/images/img_1124260.jpg,0,Normal
1124302,https://tools.alertcalifornia.org/fireframes5/digitalpath-redis/Axis-ToroPeak1/2024/348/15/1734102119.000000000.jpg,camera_data/images/img_1124302.jpg,0,Normal
1124325,https://tools.alertcalifornia.org/fireframes5/digitalpath-redis/Axis-ToroPeak1/2024/338/14/1733234446.000000000.jpg,camera_data/images/img_1124325.jpg,0,Normal
1124328,https://tools.alertcalifornia.org/fireframes5/digitalpath-redis/Axis-ToroPeak1/2024/338/17/1733245268.000000000.jpg,camera_data/images/img_1124328.jpg,0,Normal
1124342,https://tools.alertcalifornia.org/fireframes5/digitalpath-redis/Axis-ToroPeak1/2024/339/07/1733295762.000000000.jpg,camera_data/images/img_1124342.jpg,1,Abnormal
1124396,https://tools.alertcalifornia.org/fireframes5/digitalpath-redis/Axis-ToroPeak1/2025/010/07/1736492743.000000000.jpg,camera_data/images/img_1124396.jpg,0,Normal
1124415,https://tools.alertcalifornia.org/fireframes5/digitalpath-redis/Axis-ToroPeak1/2025/011/02/1736560961.000000000.jpg,camera_data/images/img_1124415.jpg,0,Normal
1124444,https://tools.alertcalifornia.org/fireframes5/digitalpath-redis/Axis-ToroPeak1/2025/012/07/1736665408.000000000.jpg,camera_data/images/img_1124444.jpg,0,Normal
1124521,https://tools.alertcalifornia.org/fireframes5/digitalpath-redis/Axis-ToroPeak1/2025/013/10/1736762515.000000000.jpg,camera_data/images/img_1124521.jpg,0,Normal
1124525,https://tools.alertcalifornia.org/fireframes5/digitalpath-redis/Axis-ToroPeak1/2025/013/14/1736776968.000000000.jpg,camera_data/images/img_1124525.jpg,1,Abnormal
1124613,https://tools.alertcalifornia.org/fireframes5/digitalpath-redis/Axis-ToroPeak1/2025/013/06/1736748283.000000000.jpg,camera_data/images/img_1124613.jpg,0,Normal
1124678,https://tools.alertcalifornia.org/fireframes5/digitalpath-redis/Axis-ToroPeak1/2025/028/23/1738105524.000000000.jpg,camera_data/images/img_1124678.jpg,0,Normal
1124734,https://tools.alertcalifornia.org/fireframes5/digitalpath-redis/Axis-ToroPeak1/2025/032/07/1738393931.000000000.jpg,camera_data/images/img_1124734.jpg,0,Normal
1124859,https://tools.alertcalifornia.org/fireframes5/digitalpath-redis/Axis-ToroPeak1/2025/004/15/1736002886.000000000.jpg,camera_data/images/img_1124859.jpg,0,Normal
1124920,https://tools.alertcalifornia.org/fireframes5/digitalpath-redis/Axis-ToroPeak1/2025/016/06/1737007485.000000000.jpg,camera_data/images/img_1124920.jpg,0,Normal
1124976,https://tools.alertcalifornia.org/fireframes5/digitalpath-redis/Axis-ToroPeak1/2025/117/13/1745758892.000000000.jpg,camera_data/images/img_1124976.jpg,1,Abnormal
1124983,https://tools.alertcalifornia.org/fireframes5/digitalpath-redis/Axis-ToroPeak1/2025/117/20/1745784133.000000000.jpg,camera_data/images/img_1124983.jpg,1,Abnormal
1124996,https://tools.alertcalifornia.org/fireframes5/digitalpath-redis/Axis-ToroPeak1/2025/098/09/1744102826.000000000.jpg,camera_data/images/img_1124996.jpg,0,Normal
1125008,https://tools.alertcalifornia.org/fireframes5/digitalpath-redis/Axis-ToroPeak1/2025/098/21/1744146160.000000000.jpg,camera_data/images/img_1125008.jpg,0,Normal
1125015,https://tools.alertcalifornia.org/fireframes5/digitalpath-redis/Axis-ToroPeak1/2025/099/04/1744171490.000000000.jpg,camera_data/images/img_1125015.jpg,0,Normal

1125026,https://tools.alertcalifornia.org/fireframes5/digitalpath-redis/Axis-ToroPeak1/2025/108/15/1744988465.000000000.jpg,camera_data/images/img_1125026.jpg,0,Normal
1125037,https://tools.alertcalifornia.org/fireframes5/digitalpath-redis/Axis-ToroPeak1/2025/109/02/1745028148.000000000.jpg,camera_data/images/img_1125037.jpg,0,Normal
1125053,https://tools.alertcalifornia.org/fireframes5/digitalpath-redis/Axis-ToroPeak1/2025/101/18/1744394529.000000000.jpg,camera_data/images/img_1125053.jpg,0,Normal
1125171,https://tools.alertcalifornia.org/fireframes5/digitalpath-redis/Axis-ToroPeak1/2025/099/22/1744236110.000000000.jpg,camera_data/images/img_1125171.jpg,0,Normal
1125220,https://tools.alertcalifornia.org/fireframes5/digitalpath-redis/Axis-ToroPeak1/2025/114/12/1745496110.000000000.jpg,camera_data/images/img_1125220.jpg,1,Abnormal
1125238,https://tools.alertcalifornia.org/fireframes5/digitalpath-redis/Axis-ToroPeak1/2025/115/08/1745568036.000000000.jpg,camera_data/images/img_1125238.jpg,1,Abnormal
1125285,https://tools.alertcalifornia.org/fireframes5/digitalpath-redis/Axis-ToroPeak1/2025/103/08/1744531218.000000000.jpg,camera_data/images/img_1125285.jpg,0,Normal
1125316,https://tools.alertcalifornia.org/fireframes5/digitalpath-redis/Axis-ToroPeak1/2025/106/15/1744815679.000000000.jpg,camera_data/images/img_1125316.jpg,0,Normal
1125440,https://tools.alertcalifornia.org/fireframes5/digitalpath-redis/Axis-ToroPeak1/2025/112/01/1745283861.000000000.jpg,camera_data/images/img_1125440.jpg,0,Normal
1125455,https://tools.alertcalifornia.org/fireframes5/digitalpath-redis/Axis-ToroPeak1/2025/097/16/1744041693.000000000.jpg,camera_data/images/img_1125455.jpg,0,Normal
1125462,https://tools.alertcalifornia.org/fireframes5/digitalpath-redis/Axis-ToroPeak1/2025/097/23/1744067038.000000000.jpg,camera_data/images/img_1125462.jpg,0,Normal
1125475,https://tools.alertcalifornia.org/fireframes5/digitalpath-redis/Axis-ToroPeak1/2025/107/12/1744891253.000000000.jpg,camera_data/images/img_1125475.jpg,0,Normal
1125501,https://tools.alertcalifornia.org/fireframes5/digitalpath-redis/Axis-ToroPeak1/2025/118/14/1745848877.000000000.jpg,camera_data/images/img_1125501.jpg,0,Normal
1125512,https://tools.alertcalifornia.org/fireframes5/digitalpath-redis/Axis-ToroPeak1/2025/119/01/1745888619.000000000.jpg,camera_data/images/img_1125512.jpg,0,Normal
1125533,https://tools.alertcalifornia.org/fireframes5/digitalpath-redis/Axis-ToroPeak1/2025/113/22/1745445738.000000000.jpg,camera_data/images/img_1125533.jpg,0,Normal
1125551,https://tools.alertcalifornia.org/fireframes5/digitalpath-redis/Axis-ToroPeak1/2025/105/16/1744732948.000000000.jpg,camera_data/images/img_1125551.jpg,0,Normal
1125597,https://tools.alertcalifornia.org/fireframes5/digitalpath-redis/Axis-ToroPeak1/2025/094/14/1743775342.000000000.jpg,camera_data/images/img_1125597.jpg,0,Normal
1125621,https://tools.alertcalifornia.org/fireframes5/digitalpath-redis/Axis-ToroPeak1/2025/104/14/1744639315.000000000.jpg,camera_data/images/img_1125621.jpg,0,Normal
1125622,https://tools.alertcalifornia.org/fireframes5/digitalpath-redis/Axis-ToroPeak1/2025/104/15/1744642922.000000000.jpg,camera_data/images/img_1125622.jpg,0,Normal
